tf_bnum	tf_symbol	gene_bnum	gene_symbol
b4366	bglJ	b0076	leuO
b4000	hupA	b0756	galM
b4000	hupA	b0757	galK
b4000	hupA	b0758	galT
b4000	hupA	b0759	galE
b0440	hupB	b0756	galM
b0440	hupB	b0757	galK
b0440	hupB	b0758	galT
b0440	hupB	b0759	galE
b0620	citB	b0620	citB
b0620	citB	b0613	citG
b0620	citB	b0614	citX
b0620	citB	b0615	citF
b0620	citB	b0616	citE
b0620	citB	b0617	citD
b0620	citB	b0618	citC
b0620	citB	b0619	citA
b0080	fruR	b3357	crp
b0080	fruR	b1040	csgD
b0080	fruR	b3601	mtlR
b0080	fruR	b0733	cydA
b0080	fruR	b0734	cydB
b3512	gadE	b3507	dctR
b3512	gadE	b3516	gadX
b1507	hipA	b1507	hipA
b1507	hipA	b1508	hipB
b1507	hipA	b2783	mazE
b1508	hipB	b1507	hipA
b1508	hipB	b1508	hipB
b1508	hipB	b2783	mazE
b1237	hns	b4116	adiY
b1237	hns	b0564	appY
b1237	hns	b4366	bglJ
b1237	hns	b4133	cadC
b1237	hns	b1040	csgD
b1237	hns	b3556	cspA
b1237	hns	b3507	dctR
b1237	hns	b2369	evgA
b1237	hns	b1891	flhC
b1237	hns	b1892	flhD
b1237	hns	b3512	gadE
b1237	hns	b3515	gadW
b1237	hns	b3516	gadX
b1237	hns	b4480	hdfR
b1237	hns	b1237	hns
b1237	hns	b0076	leuO
b1237	hns	b0889	lrp
b1237	hns	b2217	rcsB
b1237	hns	b2669	stpA
b1237	hns	b4365	yjjQ
b1237	hns	b0342	lacA
b1237	hns	b0343	lacY
b1237	hns	b0344	lacZ
b1237	hns	b0733	cydA
b1237	hns	b0734	cydB
b1237	hns	b0756	galM
b1237	hns	b0757	galK
b1237	hns	b0758	galT
b1237	hns	b0759	galE
b1237	hns	b0812	dps
b1712	ihfA	b1040	csgD
b1712	ihfA	b2731	fhlA
b1712	ihfA	b3261	fis
b1712	ihfA	b1334	fnr
b1712	ihfA	b2725	hycA
b1712	ihfA	b1712	ihfA
b1712	ihfA	b0912	ihfB
b1712	ihfA	b3405	ompR
b1712	ihfA	b1306	pspC
b1712	ihfA	b3118	tdcA
b1712	ihfA	b3574	yiaJ
b1712	ihfA	b0032	carA
b1712	ihfA	b0033	carB
b1712	ihfA	b0124	gcd
b1712	ihfA	b0125	hpt
b1712	ihfA	b0809	glnQ
b1712	ihfA	b0810	glnP
b1712	ihfA	b0811	glnH
b0912	ihfB	b1040	csgD
b0912	ihfB	b2731	fhlA
b0912	ihfB	b3261	fis
b0912	ihfB	b1334	fnr
b0912	ihfB	b2725	hycA
b0912	ihfB	b1712	ihfA
b0912	ihfB	b0912	ihfB
b0912	ihfB	b3405	ompR
b0912	ihfB	b1306	pspC
b0912	ihfB	b3118	tdcA
b0912	ihfB	b3574	yiaJ
b0912	ihfB	b0032	carA
b0912	ihfB	b0033	carB
b0912	ihfB	b0124	gcd
b0912	ihfB	b0125	hpt
b0912	ihfB	b0809	glnQ
b0912	ihfB	b0810	glnP
b0912	ihfB	b0811	glnH
b2783	mazE	b2783	mazE
b3021	ygiT	b1040	csgD
b3021	ygiT	b0880	cspD
b1649	ydhM	b1649	ydhM
b3868	glnG	b3868	glnG
b3868	glnG	b0809	glnQ
b3868	glnG	b0810	glnP
b3868	glnG	b0811	glnH
b4327	yjiE	b0197	metQ
b4327	yjiE	b0198	metI
b4327	yjiE	b0199	metN
b4327	yjiE	b0733	cydA
b4327	yjiE	b0734	cydB
b1951	rcsA	b1891	flhC
b1951	rcsA	b1892	flhD
b1951	rcsA	b1951	rcsA
b2217	rcsB	b3507	dctR
b2217	rcsB	b3516	gadX
b2217	rcsB	b1891	flhC
b2217	rcsB	b1892	flhD
b2217	rcsB	b1951	rcsA
b2217	rcsB	b0076	leuO
b1564	relB	b1564	relB
b1564	relB	b1563	relE
b1563	relE	b1564	relB
b1563	relE	b1563	relE
b0846	ybjK	b1040	csgD
b1328	ycjZ	b1323	tyrR
b1969	yedW	b0571	cusR
b1969	yedW	b0570	cusS
b1969	yedW	b0572	cusC
b1969	yedW	b0573	cusF
b1969	yedW	b0574	cusB
b1969	yedW	b0575	cusA
b0305	ykgD	b0301	rclC
b0305	ykgD	b0303	rclB
b0305	ykgD	b0304	rclA
b0225	yafQ	b0623	cspE
b0226	dinJ	b0623	cspE
b2782	mazF	b2783	mazE
b0464	acrR	b0464	acrR
b2213	ada	b2213	ada
b3131	agaR	b3131	agaR
b2213	ada	b4187	aidB
b4187	aidB	b4187	aidB
b0889	lrp	b4187	aidB
b0506	allR	b0504	allS
b0064	araC	b0064	araC
b3357	crp	b0064	araC
b3569	xylR	b0064	araC
b3237	argR	b3237	argR
b3501	arsR	b3501	arsR
b2079	baeR	b2079	baeR
b3912	cpxR	b2079	baeR
b0313	betI	b0313	betI
b0076	leuO	b4366	bglJ
b3405	ompR	b0435	bolA
b2127	mlrA	b4133	cadC
b3405	ompR	b4133	cadC
b1275	cysB	b1987	cbl
b3357	crp	b1735	chbR
b1735	chbR	b1735	chbR
b0676	nagC	b1735	chbR
b3912	cpxR	b3912	cpxR
b3357	crp	b3357	crp
b3261	fis	b3357	crp
b4113	basR	b1040	csgD
b3912	cpxR	b1040	csgD
b1040	csgD	b1040	csgD
b1921	fliZ	b1040	csgD
b2127	mlrA	b1040	csgD
b3405	ompR	b1040	csgD
b1608	rstA	b1040	csgD
b3261	fis	b3556	cspA
b3357	crp	b0880	cspD
b3357	crp	b0623	cspE
b4113	basR	b1552	cspI
b0571	cusR	b0571	cusR
b0399	phoB	b0571	cusR
b0338	cynR	b0338	cynR
b3357	crp	b3934	cytR
b3934	cytR	b3934	cytR
b3357	crp	b4000	hupA
b3261	fis	b4000	hupA
b3357	crp	b0440	hupB
b3261	fis	b0440	hupB
b3516	gadX	b3507	dctR
b1499	ydeO	b3507	dctR
b3357	crp	b4124	dcuR
b1221	narL	b4124	dcuR
b2916	argP	b3702	dnaA
b3702	dnaA	b3702	dnaA
b4124	dcuR	b0620	citB
b2369	evgA	b2369	evgA
b3094	exuR	b3094	exuR
b4324	uxuR	b3094	exuR
b0399	phoB	b1384	feaR
b2731	fhlA	b2731	fhlA
b1334	fnr	b2731	fhlA
b3357	crp	b3261	fis
b3261	fis	b3261	fis
b3357	crp	b1891	flhC
b1921	fliZ	b1891	flhC
b4480	hdfR	b1891	flhC
b2289	lrhA	b1891	flhC
b0294	matA	b1891	flhC
b4365	yjjQ	b1891	flhC
b3357	crp	b1892	flhD
b1921	fliZ	b1892	flhD
b4480	hdfR	b1892	flhD
b2289	lrhA	b1892	flhD
b0294	matA	b1892	flhD
b4365	yjjQ	b1892	flhD
b1334	fnr	b1334	fnr
b3357	crp	b2805	fucR
b3357	crp	b0683	fur
b0683	fur	b0683	fur
b4062	soxS	b0683	fur
b3961	oxyR	b0683	fur
b3357	crp	b3512	gadE
b2369	evgA	b3512	gadE
b1921	fliZ	b3512	gadE
b3512	gadE	b3512	gadE
b1499	ydeO	b3512	gadE
b1130	phoP	b3515	gadW
b1499	ydeO	b3515	gadW
b3512	gadE	b3515	gadW
b1013	rutR	b3515	gadW
b4116	adiY	b3516	gadX
b3515	gadW	b3516	gadX
b3516	gadX	b3516	gadX
b1013	rutR	b3516	gadX
b2837	galR	b2837	galR
b2808	gcvA	b2808	gcvA
b2980	glcC	b2980	glcC
b3357	crp	b3423	glpR
b2537	hcaR	b2537	hcaR
b3556	cspA	b1237	hns
b3261	fis	b1237	hns
b2731	fhlA	b2725	hycA
b0761	modE	b2725	hycA
b1187	fadR	b4018	iclR
b4018	iclR	b4018	iclR
b3773	ilvY	b3773	ilvY
b2531	iscR	b2531	iscR
b3357	crp	b0345	lacI
b0076	leuO	b0076	leuO
b2289	lrhA	b0076	leuO
b1642	slyA	b0076	leuO
b4043	lexA	b4043	lexA
b4401	arcA	b3604	lldR
b3604	lldR	b3604	lldR
b2289	lrhA	b2289	lrhA
b0889	lrp	b0889	lrp
b3357	crp	b1512	lsrR
b1512	lsrR	b1512	lsrR
b3357	crp	b1620	malI
b1620	malI	b1620	malI
b3357	crp	b3418	malT
b0464	acrR	b1531	marA
b3912	cpxR	b1531	marA
b3261	fis	b1531	marA
b1531	marA	b1531	marA
b1530	marR	b1531	marA
b4396	rob	b1531	marA
b4062	soxS	b1531	marA
b0464	acrR	b1530	marR
b3912	cpxR	b1530	marR
b3261	fis	b1530	marR
b1531	marA	b1530	marR
b1530	marR	b1530	marR
b4396	rob	b1530	marR
b4062	soxS	b1530	marR
b3261	fis	b2783	mazE
b3357	crp	b2783	mazE
b3357	crp	b4118	melR
b4118	melR	b4118	melR
b3938	metJ	b3828	metR
b3828	metR	b3828	metR
b3357	crp	b0346	mhpR
b0730	mngR	b0730	mngR
b3357	crp	b3601	mtlR
b1988	nac	b1988	nac
b1334	fnr	b1221	narL
b0761	modE	b1221	narL
b1013	rutR	b1649	ydhM
b0020	nhaR	b0020	nhaR
b1334	fnr	b3481	nikR
b3481	nikR	b3481	nikR
b2709	norR	b2709	norR
b3357	crp	b3868	glnG
b3261	fis	b3868	glnG
b3357	crp	b3405	ompR
b3961	oxyR	b3961	oxyR
b1399	paaX	b1399	paaX
b0399	phoB	b0399	phoB
b1130	phoP	b1130	phoP
b2714	ascG	b0330	prpR
b3357	crp	b0330	prpR
b0399	phoB	b0330	prpR
b1303	pspF	b1306	pspC
b1303	pspF	b1303	pspF
b1658	purR	b1658	purR
b4113	basR	b1014	putA
b1014	putA	b1014	putA
b1299	puuR	b1299	puuR
b4113	basR	b3025	qseB
b3025	qseB	b3025	qseB
b3753	rbsR	b3753	rbsR
b3512	gadE	b1951	rcsA
b3357	crp	b3906	rhaR
b3906	rhaR	b3906	rhaR
b3905	rhaS	b3906	rhaR
b3357	crp	b3905	rhaS
b3906	rhaR	b3905	rhaS
b3905	rhaS	b3905	rhaS
b1531	marA	b4396	rob
b4396	rob	b4396	rob
b4062	soxS	b4396	rob
b1130	phoP	b1608	rstA
b1013	rutR	b1013	rutR
b0464	acrR	b4063	soxR
b4063	soxR	b4063	soxR
b0464	acrR	b4062	soxS
b4063	soxR	b4062	soxS
b4062	soxS	b4062	soxS
b0889	lrp	b2669	stpA
b2697	alaS	b2697	alaS
b3357	crp	b3118	tdcA
b3118	tdcA	b3118	tdcA
b3119	tdcR	b3118	tdcA
b0995	torR	b0995	torR
b1130	phoP	b4241	treR
b4393	trpR	b4393	trpR
b3569	xylR	b3569	xylR
b2369	evgA	b1499	ydeO
b1130	phoP	b1499	ydeO
b3357	crp	b3574	yiaJ
b0076	leuO	b4365	yjjQ
b4004	zraR	b4004	zraR
b0020	nhaR	b0019	nhaA
b2916	argP	b0031	dapB
b3237	argR	b0032	carA
b4260	pepA	b0032	carA
b1658	purR	b0032	carA
b1013	rutR	b0032	carA
b3237	argR	b0033	carB
b4260	pepA	b0033	carB
b1658	purR	b0033	carB
b1013	rutR	b0033	carB
b0034	caiF	b0035	caiE
b0034	caiF	b0036	caiD
b0034	caiF	b0037	caiC
b0034	caiF	b0038	caiB
b0034	caiF	b0039	caiA
b0034	caiF	b0040	caiT
b0034	caiF	b0041	fixA
b0034	caiF	b0042	fixB
b0034	caiF	b0043	fixC
b0034	caiF	b0044	fixX
b1323	tyrR	b0048	folA
b4043	lexA	b0060	polB
b0064	araC	b0061	araD
b3357	crp	b0061	araD
b0064	araC	b0062	araA
b3357	crp	b0062	araA
b0064	araC	b0063	araB
b3357	crp	b0063	araB
b0069	sgrR	b4662	sgrT
b0069	sgrR	b0070	setA
b0889	lrp	b0077	ilvI
b0889	lrp	b0078	ilvH
b1916	sdiA	b0093	ftsQ
b2217	rcsB	b0094	ftsA
b1916	sdiA	b0094	ftsA
b2217	rcsB	b0095	ftsZ
b1916	sdiA	b0095	ftsZ
b1323	tyrR	b0112	aroP
b0487	cueR	b0123	cueO
b3357	crp	b0124	gcd
b3357	crp	b0125	hpt
b0683	fur	b0150	fhuA
b0683	fur	b0151	fhuC
b0683	fur	b0152	fhuD
b0683	fur	b0153	fhuB
b1130	phoP	b0154	hemL
b2531	iscR	b0156	erpA
b3912	cpxR	b0161	degP
b2916	argP	b0166	dapD
b1187	fadR	b0185	accA
b4401	arcA	b0221	fadE
b1187	fadR	b0221	fadE
b0399	phoB	b0241	phoE
b3237	argR	b0273	argF
b0313	betI	b0311	betA
b0313	betI	b0312	betB
b0313	betI	b0314	betT
b3357	crp	b0331	prpB
b3357	crp	b0333	prpC
b3357	crp	b0334	prpD
b3357	crp	b0335	prpE
b1988	nac	b0336	codB
b1988	nac	b0337	codA
b0338	cynR	b0339	cynT
b0338	cynR	b0340	cynS
b0338	cynR	b0341	cynX
b3357	crp	b0342	lacA
b0345	lacI	b0342	lacA
b3357	crp	b0343	lacY
b0345	lacI	b0343	lacY
b3357	crp	b0344	lacZ
b0345	lacI	b0344	lacZ
b0346	mhpR	b0347	mhpA
b0346	mhpR	b0348	mhpB
b0346	mhpR	b0349	mhpC
b0346	mhpR	b0350	mhpD
b0346	mhpR	b0351	mhpF
b0346	mhpR	b0352	mhpE
b1987	cbl	b0365	tauA
b1275	cysB	b0365	tauA
b1987	cbl	b0366	tauB
b1275	cysB	b0366	tauB
b1987	cbl	b0367	tauC
b1275	cysB	b0367	tauC
b1987	cbl	b0368	tauD
b1275	cysB	b0368	tauD
b0399	phoB	b0383	phoA
b0399	phoB	b0384	psiF
b4393	trpR	b0388	aroL
b1323	tyrR	b0388	aroL
b4393	trpR	b0389	yaiA
b1323	tyrR	b0389	yaiA
b4393	trpR	b0390	aroM
b1323	tyrR	b0390	aroM
b0064	araC	b0396	araJ
b3357	crp	b0396	araJ
b0399	phoB	b0400	phoR
b3261	fis	b0405	queA
b3357	crp	b0411	tsx
b3934	cytR	b0411	tsx
b0113	pdhR	b0428	cyoE
b0113	pdhR	b0429	cyoD
b0113	pdhR	b0430	cyoC
b0113	pdhR	b0431	cyoB
b0113	pdhR	b0432	cyoA
b3912	cpxR	b0441	ppiD
b0464	acrR	b0462	acrB
b3264	envR	b0462	acrB
b1531	marA	b0462	acrB
b4396	rob	b0462	acrB
b4062	soxS	b0462	acrB
b0464	acrR	b0463	acrA
b3264	envR	b0463	acrA
b1531	marA	b0463	acrA
b4396	rob	b0463	acrA
b4062	soxS	b0463	acrA
b2714	ascG	b0473	htpG
b0487	cueR	b0484	copA
b0506	allR	b0505	allA
b1130	phoP	b0557	borD
b0571	cusR	b0570	cusS
b0399	phoB	b0570	cusS
b0571	cusR	b0572	cusC
b0399	phoB	b0572	cusC
b0571	cusR	b0573	cusF
b0399	phoB	b0573	cusF
b0571	cusR	b0574	cusB
b0399	phoB	b0574	cusB
b0571	cusR	b0575	cusA
b0399	phoB	b0575	cusA
b1531	marA	b0578	nfsB
b4062	soxS	b0578	nfsB
b0683	fur	b0583	entD
b0683	fur	b0584	fepA
b0683	fur	b0585	fes
b0683	fur	b4511	ybdZ
b0683	fur	b0586	entF
b0683	fur	b0587	fepE
b0683	fur	b0588	fepC
b0683	fur	b0589	fepG
b0683	fur	b0590	fepD
b0683	fur	b0591	entS
b0683	fur	b0592	fepB
b1013	rutR	b0592	fepB
b3357	crp	b0598	cstA
b3961	oxyR	b0605	ahpC
b3961	oxyR	b0606	ahpF
b4124	dcuR	b0619	citA
b1130	phoP	b0677	nagA
b3357	crp	b0679	nagE
b0676	nagC	b0679	nagE
b4062	soxS	b4637	uof
b3961	oxyR	b4637	uof
b4062	soxS	b0684	fldA
b0694	kdpE	b0696	kdpC
b0694	kdpE	b0697	kdpB
b0694	kdpE	b0698	kdpA
b0694	kdpE	b4513	kdpF
b4401	arcA	b0726	sucA
b4401	arcA	b0727	sucB
b4401	arcA	b0728	sucC
b4401	arcA	b0729	sucD
b0730	mngR	b0731	mngA
b0730	mngR	b0732	mngB
b4401	arcA	b0733	cydA
b1334	fnr	b0733	cydA
b4401	arcA	b0734	cydB
b1334	fnr	b0734	cydB
b3912	cpxR	b0754	aroG
b1323	tyrR	b0754	aroG
b0683	fur	b0755	gpmA
b3357	crp	b0756	galM
b2837	galR	b0756	galM
b2151	galS	b0756	galM
b3357	crp	b0757	galK
b2837	galR	b0757	galK
b2151	galS	b0757	galK
b3357	crp	b0758	galT
b2837	galR	b0758	galT
b2151	galS	b0758	galT
b3357	crp	b0759	galE
b2837	galR	b0759	galE
b2151	galS	b0759	galE
b0761	modE	b0763	modA
b0761	modE	b0764	modB
b0761	modE	b0765	modC
b3973	birA	b0774	bioA
b3973	birA	b0775	bioB
b3973	birA	b0776	bioF
b3973	birA	b0777	bioC
b3973	birA	b0778	bioD
b3702	dnaA	b0779	uvrB
b4043	lexA	b0779	uvrB
b0761	modE	b0781	moaA
b0761	modE	b0782	moaB
b0761	modE	b0783	moaC
b0761	modE	b0784	moaD
b0761	modE	b0785	moaE
b4043	lexA	b0799	dinG
b4043	lexA	b0800	ybiB
b3261	fis	b0812	dps
b2714	ascG	b0820	ybiT
b4401	arcA	b0826	moeB
b1334	fnr	b0826	moeB
b4401	arcA	b0827	moeA
b1334	fnr	b0827	moeA
b3961	oxyR	b0849	grxA
b1531	marA	b0850	ybjC
b3961	oxyR	b0850	ybjC
b4062	soxS	b0850	ybjC
b1531	marA	b0851	nfsA
b3961	oxyR	b0851	nfsA
b4062	soxS	b0851	nfsA
b1531	marA	b0852	rimK
b3961	oxyR	b0852	rimK
b4062	soxS	b0852	rimK
b1531	marA	b0853	ybjN
b3961	oxyR	b0853	ybjN
b4062	soxS	b0853	ybjN
b3237	argR	b0860	artJ
b3237	argR	b0861	artM
b3237	argR	b0862	artQ
b3237	argR	b0863	artI
b3237	argR	b0864	artP
b1334	fnr	b0871	poxB
b1221	narL	b0871	poxB
b4178	nsrR	b0871	poxB
b3961	oxyR	b0871	poxB
b1334	fnr	b0872	hcr
b1221	narL	b0872	hcr
b4178	nsrR	b0872	hcr
b3961	oxyR	b0872	hcr
b1891	flhC	b1073	flgB
b1891	flhC	b1074	flgC
b1891	flhC	b1075	flgD
b1891	flhC	b1076	flgE
b1891	flhC	b1077	flgF
b1891	flhC	b1078	flgG
b1891	flhC	b1079	flgH
b1891	flhC	b1080	flgI
b1891	flhC	b1081	flgJ
b1891	flhC	b1878	flhE
b1891	flhC	b1879	flhA
b1891	flhC	b1880	flhB
b1891	flhC	b1904	yecR
b1891	flhC	b1924	fliD
b1891	flhC	b1925	fliS
b1891	flhC	b1926	fliT
b1891	flhC	b1937	fliE
b1891	flhC	b1938	fliF
b1891	flhC	b1939	fliG
b1891	flhC	b1940	fliH
b1891	flhC	b1941	fliI
b1891	flhC	b1942	fliJ
b1891	flhC	b1943	fliK
b1891	flhC	b1944	fliL
b1891	flhC	b1945	fliM
b1891	flhC	b1946	fliN
b1891	flhC	b1947	fliO
b1891	flhC	b1948	fliP
b1891	flhC	b1949	fliQ
b1891	flhC	b1950	fliR
b1892	flhD	b1073	flgB
b1892	flhD	b1074	flgC
b1892	flhD	b1075	flgD
b1892	flhD	b1076	flgE
b1892	flhD	b1077	flgF
b1892	flhD	b1078	flgG
b1892	flhD	b1079	flgH
b1892	flhD	b1080	flgI
b1892	flhD	b1081	flgJ
b1892	flhD	b1878	flhE
b1892	flhD	b1879	flhA
b1892	flhD	b1880	flhB
b1892	flhD	b1904	yecR
b1892	flhD	b1924	fliD
b1892	flhD	b1925	fliS
b1892	flhD	b1926	fliT
b1892	flhD	b1937	fliE
b1892	flhD	b1938	fliF
b1892	flhD	b1939	fliG
b1892	flhD	b1940	fliH
b1892	flhD	b1941	fliI
b1892	flhD	b1942	fliJ
b1892	flhD	b1943	fliK
b1892	flhD	b1944	fliL
b1892	flhD	b1945	fliM
b1892	flhD	b1946	fliN
b1892	flhD	b1947	fliO
b1892	flhD	b1948	fliP
b1892	flhD	b1949	fliQ
b1892	flhD	b1950	fliR
b0080	fruR	b1037	csgG
b0080	fruR	b1038	csgF
b0080	fruR	b1039	csgE
b0080	fruR	b1136	icd
b0080	fruR	b1241	adhE
b0080	fruR	b1676	pykF
b0080	fruR	b1779	gapA
b0080	fruR	b1780	yeaD
b0080	fruR	b1850	eda
b0080	fruR	b1851	edd
b1237	hns	b1037	csgG
b1237	hns	b1038	csgF
b1237	hns	b1039	csgE
b1237	hns	b1182	hlyE
b1237	hns	b1258	yciF
b1237	hns	b1259	yciG
b1237	hns	b1501	ydeP
b1237	hns	b1967	hchA
b1712	ihfA	b0894	dmsA
b1712	ihfA	b0895	dmsB
b1712	ihfA	b0896	dmsC
b1712	ihfA	b0903	pflB
b1712	ihfA	b0904	focA
b1712	ihfA	b0933	ssuB
b1712	ihfA	b0934	ssuC
b1712	ihfA	b0935	ssuD
b1712	ihfA	b0936	ssuA
b1712	ihfA	b0937	ssuE
b1712	ihfA	b1037	csgG
b1712	ihfA	b1038	csgF
b1712	ihfA	b1039	csgE
b1712	ihfA	b1109	ndh
b1712	ihfA	b1223	narK
b1712	ihfA	b1224	narG
b1712	ihfA	b1225	narH
b1712	ihfA	b1226	narJ
b1712	ihfA	b1227	narI
b1712	ihfA	b1304	pspA
b1712	ihfA	b1305	pspB
b1712	ihfA	b1307	pspD
b1712	ihfA	b1308	pspE
b1712	ihfA	b1387	paaZ
b1712	ihfA	b1388	paaA
b1712	ihfA	b1389	paaB
b1712	ihfA	b1390	paaC
b1712	ihfA	b1391	paaD
b1712	ihfA	b1392	paaE
b1712	ihfA	b1393	paaF
b1712	ihfA	b1394	paaG
b1712	ihfA	b1395	paaH
b1712	ihfA	b1396	paaI
b1712	ihfA	b1397	paaJ
b1712	ihfA	b1398	paaK
b1712	ihfA	b1679	sufE
b1712	ihfA	b1680	sufS
b1712	ihfA	b1681	sufD
b1712	ihfA	b1682	sufC
b1712	ihfA	b1683	sufB
b1712	ihfA	b1684	sufA
b0912	ihfB	b0894	dmsA
b0912	ihfB	b0895	dmsB
b0912	ihfB	b0896	dmsC
b0912	ihfB	b0903	pflB
b0912	ihfB	b0904	focA
b0912	ihfB	b0933	ssuB
b0912	ihfB	b0934	ssuC
b0912	ihfB	b0935	ssuD
b0912	ihfB	b0936	ssuA
b0912	ihfB	b0937	ssuE
b0912	ihfB	b1037	csgG
b0912	ihfB	b1038	csgF
b0912	ihfB	b1039	csgE
b0912	ihfB	b1109	ndh
b0912	ihfB	b1223	narK
b0912	ihfB	b1224	narG
b0912	ihfB	b1225	narH
b0912	ihfB	b1226	narJ
b0912	ihfB	b1227	narI
b0912	ihfB	b1304	pspA
b0912	ihfB	b1305	pspB
b0912	ihfB	b1307	pspD
b0912	ihfB	b1308	pspE
b0912	ihfB	b1387	paaZ
b0912	ihfB	b1388	paaA
b0912	ihfB	b1389	paaB
b0912	ihfB	b1390	paaC
b0912	ihfB	b1391	paaD
b0912	ihfB	b1392	paaE
b0912	ihfB	b1393	paaF
b0912	ihfB	b1394	paaG
b0912	ihfB	b1395	paaH
b0912	ihfB	b1396	paaI
b0912	ihfB	b1397	paaJ
b0912	ihfB	b1398	paaK
b0912	ihfB	b1679	sufE
b0912	ihfB	b1680	sufS
b0912	ihfB	b1681	sufD
b0912	ihfB	b1682	sufC
b0912	ihfB	b1683	sufB
b0912	ihfB	b1684	sufA
b1450	yncC	b0953	rmf
b1450	yncC	b1258	yciF
b1450	yncC	b1259	yciG
b1594	dgsA	b1101	ptsG
b3021	ygiT	b1037	csgG
b3021	ygiT	b1038	csgF
b3021	ygiT	b1039	csgE
b1649	ydhM	b1650	nemA
b1649	ydhM	b1651	gloA
b3868	glnG	b1744	astE
b3868	glnG	b1745	astB
b3868	glnG	b1746	astD
b3868	glnG	b1747	astA
b3868	glnG	b1748	astC
b1951	rcsA	b2058	wcaB
b1951	rcsA	b2059	wcaA
b1951	rcsA	b2060	wzc
b1951	rcsA	b2061	wzb
b1951	rcsA	b2062	wza
b2217	rcsB	b2058	wcaB
b2217	rcsB	b2059	wcaA
b2217	rcsB	b2060	wzc
b2217	rcsB	b2061	wzb
b2217	rcsB	b2062	wza
b1564	relB	b1562	hokD
b1563	relE	b1562	hokD
b0846	ybjK	b0953	rmf
b0846	ybjK	b0958	sulA
b0846	ybjK	b1037	csgG
b0846	ybjK	b1038	csgF
b0846	ybjK	b1039	csgE
b0846	ybjK	b1163	bluF
b0846	ybjK	b1597	asr
b1162	ycgE	b1164	ycgZ
b1162	ycgE	b1165	ymgA
b1162	ycgE	b1166	ariR
b1162	ycgE	b1167	ymgC
b1328	ycjZ	b1321	ycjX
b1328	ycjZ	b1322	ycjF
b1328	ycjZ	b1325	ycjG
b1328	ycjZ	b1326	mpaA
b1328	ycjZ	b1327	ycjY
b1334	fnr	b0873	hcp
b1221	narL	b0873	hcp
b4178	nsrR	b0873	hcp
b3961	oxyR	b0873	hcp
b4043	lexA	b0890	ftsK
b1334	fnr	b0894	dmsA
b0761	modE	b0894	dmsA
b1221	narL	b0894	dmsA
b1334	fnr	b0895	dmsB
b0761	modE	b0895	dmsB
b1221	narL	b0895	dmsB
b1334	fnr	b0896	dmsC
b0761	modE	b0896	dmsC
b1221	narL	b0896	dmsC
b4401	arcA	b0903	pflB
b3357	crp	b0903	pflB
b1334	fnr	b0903	pflB
b1221	narL	b0903	pflB
b4401	arcA	b0904	focA
b3357	crp	b0904	focA
b1334	fnr	b0904	focA
b1221	narL	b0904	focA
b3357	crp	b0907	serC
b0889	lrp	b0907	serC
b3357	crp	b0908	aroA
b0889	lrp	b0908	aroA
b3912	cpxR	b0929	ompF
b3405	ompR	b0929	ompF
b1987	cbl	b0933	ssuB
b1275	cysB	b0933	ssuB
b1987	cbl	b0934	ssuC
b1275	cysB	b0934	ssuC
b1987	cbl	b0935	ssuD
b1275	cysB	b0935	ssuD
b1987	cbl	b0936	ssuA
b1275	cysB	b0936	ssuA
b1987	cbl	b0937	ssuE
b1275	cysB	b0937	ssuE
b1531	marA	b0950	pqiA
b4062	soxS	b0950	pqiA
b1531	marA	b0951	pqiB
b4062	soxS	b0951	pqiB
b1531	marA	b0952	pqiC
b4062	soxS	b0952	pqiC
b4401	arcA	b0953	rmf
b3357	crp	b0953	rmf
b1916	sdiA	b0953	rmf
b1642	slyA	b0953	rmf
b3963	fabR	b0954	fabA
b1040	csgD	b0964	yccT
b4401	arcA	b0972	hyaA
b2531	iscR	b0972	hyaA
b1499	ydeO	b0972	hyaA
b4401	arcA	b0973	hyaB
b2531	iscR	b0973	hyaB
b1499	ydeO	b0973	hyaB
b4401	arcA	b0974	hyaC
b2531	iscR	b0974	hyaC
b1499	ydeO	b0974	hyaC
b4401	arcA	b0975	hyaD
b2531	iscR	b0975	hyaD
b1499	ydeO	b0975	hyaD
b4401	arcA	b0976	hyaE
b2531	iscR	b0976	hyaE
b1499	ydeO	b0976	hyaE
b4401	arcA	b0977	hyaF
b2531	iscR	b0977	hyaF
b1499	ydeO	b0977	hyaF
b0995	torR	b0996	torC
b0995	torR	b0997	torA
b0995	torR	b0998	torD
b1013	rutR	b1006	rutG
b1013	rutR	b1007	rutF
b1013	rutR	b1008	rutE
b1013	rutR	b1009	rutD
b1013	rutR	b1010	rutC
b1013	rutR	b1011	rutB
b1013	rutR	b1012	rutA
b1014	putA	b1015	putP
b0399	phoB	b1020	phoH
b0020	nhaR	b1021	pgaD
b3405	ompR	b1021	pgaD
b0020	nhaR	b1022	pgaC
b3405	ompR	b1022	pgaC
b0020	nhaR	b1023	pgaB
b3405	ompR	b1023	pgaB
b0020	nhaR	b1024	pgaA
b3405	ompR	b1024	pgaA
b4113	basR	b1037	csgG
b3912	cpxR	b1037	csgG
b1040	csgD	b1037	csgG
b1921	fliZ	b1037	csgG
b2127	mlrA	b1037	csgG
b3405	ompR	b1037	csgG
b1608	rstA	b1037	csgG
b4113	basR	b1038	csgF
b3912	cpxR	b1038	csgF
b1040	csgD	b1038	csgF
b1921	fliZ	b1038	csgF
b2127	mlrA	b1038	csgF
b3405	ompR	b1038	csgF
b1608	rstA	b1038	csgF
b4113	basR	b1039	csgE
b3912	cpxR	b1039	csgE
b1040	csgD	b1039	csgE
b1921	fliZ	b1039	csgE
b2127	mlrA	b1039	csgE
b3405	ompR	b1039	csgE
b1608	rstA	b1039	csgE
b3912	cpxR	b1041	csgB
b1040	csgD	b1041	csgB
b3912	cpxR	b1042	csgA
b1040	csgD	b1042	csgA
b3912	cpxR	b1043	csgC
b1040	csgD	b1043	csgC
b3105	yhaJ	b1060	bssS
b0683	fur	b1062	pyrC
b1658	purR	b1062	pyrC
b1040	csgD	b1070	flgN
b1040	csgD	b1071	flgM
b1187	fadR	b1091	fabH
b1187	fadR	b1092	fabD
b1187	fadR	b1093	fabG
b4401	arcA	b1101	ptsG
b3357	crp	b1101	ptsG
b3261	fis	b1101	ptsG
b4062	soxS	b1101	ptsG
b1334	fnr	b1109	ndh
b3261	fis	b1109	ndh
b0113	pdhR	b1109	ndh
b1130	phoP	b1129	phoQ
b1658	purR	b1131	purB
b1658	purR	b1132	hflD
b4401	arcA	b1136	icd
b1130	phoP	b1160	iraM
b3357	crp	b1182	hlyE
b1334	fnr	b1182	hlyE
b1642	slyA	b1182	hlyE
b4043	lexA	b1183	umuD
b4043	lexA	b1184	umuC
b3357	crp	b1189	dadA
b0889	lrp	b1189	dadA
b3357	crp	b1190	dadX
b0889	lrp	b1190	dadX
b3961	oxyR	b1203	ychF
b3357	crp	b1205	ychH
b1334	fnr	b1210	hemA
b1334	fnr	b1211	prfA
b1334	fnr	b1212	prmC
b1334	fnr	b1222	narX
b0761	modE	b1222	narX
b1334	fnr	b1223	narK
b1221	narL	b1223	narK
b1334	fnr	b1224	narG
b1221	narL	b1224	narG
b1334	fnr	b1225	narH
b1221	narL	b1225	narH
b1334	fnr	b1226	narJ
b1221	narL	b1226	narJ
b1334	fnr	b1227	narI
b1221	narL	b1227	narI
b3261	fis	b1229	tpr
b3261	fis	b1241	adhE
b0683	fur	b1243	oppA
b0889	lrp	b1243	oppA
b0683	fur	b1244	oppB
b0889	lrp	b1244	oppB
b0683	fur	b1245	oppC
b0889	lrp	b1245	oppC
b0683	fur	b1246	oppD
b0889	lrp	b1246	oppD
b0683	fur	b1247	oppF
b0889	lrp	b1247	oppF
b0683	fur	b1252	tonB
b4401	arcA	b1256	ompW
b3357	crp	b1256	ompW
b1334	fnr	b1256	ompW
b1221	narL	b1256	ompW
b4393	trpR	b1260	trpA
b4393	trpR	b1261	trpB
b4393	trpR	b1262	trpC
b4393	trpR	b1263	trpD
b4393	trpR	b1264	trpE
b4393	trpR	b1265	trpL
b3261	fis	b1274	topA
b1531	marA	b1276	acnA
b4062	soxS	b1276	acnA
b4062	soxS	b1277	ribA
b1921	fliZ	b1285	gmr
b1187	fadR	b1288	fabI
b1299	puuR	b1296	puuP
b1299	puuR	b1297	puuA
b1299	puuR	b1298	puuD
b1299	puuR	b1300	puuC
b1299	puuR	b1301	puuB
b1299	puuR	b1302	puuE
b1303	pspF	b1304	pspA
b1303	pspF	b1305	pspB
b1303	pspF	b1307	pspD
b1303	pspF	b1308	pspE
b3261	fis	b1335	ogt
b1221	narL	b1335	ogt
b4062	soxS	b1377	ompN
b4062	soxS	b1378	pfo
b1384	feaR	b1385	feaB
b1384	feaR	b1386	tynA
b3357	crp	b1387	paaZ
b1399	paaX	b1387	paaZ
b3357	crp	b1388	paaA
b1399	paaX	b1388	paaA
b1642	slyA	b1388	paaA
b3357	crp	b1389	paaB
b1399	paaX	b1389	paaB
b1642	slyA	b1389	paaB
b3357	crp	b1390	paaC
b1399	paaX	b1390	paaC
b1642	slyA	b1390	paaC
b3357	crp	b1391	paaD
b1399	paaX	b1391	paaD
b1642	slyA	b1391	paaD
b3357	crp	b1392	paaE
b1399	paaX	b1392	paaE
b1642	slyA	b1392	paaE
b3357	crp	b1393	paaF
b1399	paaX	b1393	paaF
b1642	slyA	b1393	paaF
b3357	crp	b1394	paaG
b1399	paaX	b1394	paaG
b1642	slyA	b1394	paaG
b3357	crp	b1395	paaH
b1399	paaX	b1395	paaH
b1642	slyA	b1395	paaH
b3357	crp	b1396	paaI
b1399	paaX	b1396	paaI
b1642	slyA	b1396	paaI
b3357	crp	b1397	paaJ
b1399	paaX	b1397	paaJ
b1642	slyA	b1397	paaJ
b3357	crp	b1398	paaK
b1399	paaX	b1398	paaK
b1642	slyA	b1398	paaK
b1399	paaX	b1400	paaY
b4401	arcA	b1415	aldA
b3702	dnaA	b1415	aldA
b1988	nac	b1440	ydcS
b1988	nac	b1441	ydcT
b1988	nac	b1442	ydcU
b1988	nac	b1443	ydcV
b1988	nac	b1444	patD
b1334	fnr	b1474	fdnG
b1221	narL	b1474	fdnG
b2193	narP	b1474	fdnG
b1334	fnr	b1475	fdnH
b1221	narL	b1475	fdnH
b2193	narP	b1475	fdnH
b1334	fnr	b1476	fdnI
b1221	narL	b1476	fdnI
b2193	narP	b1476	fdnI
b2217	rcsB	b1480	sra
b2217	rcsB	b1481	bdm
b0889	lrp	b1482	osmC
b0020	nhaR	b1482	osmC
b2217	rcsB	b1482	osmC
b4116	adiY	b1492	gadC
b1921	fliZ	b1492	gadC
b3512	gadE	b1492	gadC
b3515	gadW	b1492	gadC
b3516	gadX	b1492	gadC
b4116	adiY	b1493	gadB
b1921	fliZ	b1493	gadB
b3512	gadE	b1493	gadB
b3515	gadW	b1493	gadB
b3516	gadX	b1493	gadB
b2369	evgA	b1500	safA
b1130	phoP	b1500	safA
b2369	evgA	b1501	ydeP
b1221	narL	b1501	ydeP
b2193	narP	b1501	ydeP
b2217	rcsB	b1501	ydeP
b1914	uvrY	b1501	ydeP
b3357	crp	b1511	lsrK
b1512	lsrR	b1511	lsrK
b3357	crp	b1513	lsrA
b1512	lsrR	b1513	lsrA
b3357	crp	b1514	lsrC
b1512	lsrR	b1514	lsrC
b3357	crp	b1515	lsrD
b1512	lsrR	b1515	lsrD
b3357	crp	b1516	lsrB
b1512	lsrR	b1516	lsrB
b3357	crp	b1517	lsrF
b1512	lsrR	b1517	lsrF
b3357	crp	b1518	lsrG
b1512	lsrR	b1518	lsrG
b3357	crp	b1519	tam
b1512	lsrR	b1519	tam
b0464	acrR	b1532	marB
b3912	cpxR	b1532	marB
b3261	fis	b1532	marB
b1531	marA	b1532	marB
b1530	marR	b1532	marB
b4396	rob	b1532	marB
b4062	soxS	b1532	marB
b1334	fnr	b1587	ynfE
b1221	narL	b1587	ynfE
b1334	fnr	b1588	ynfF
b1221	narL	b1588	ynfF
b1334	fnr	b1589	ynfG
b1221	narL	b1589	ynfG
b1334	fnr	b1590	ynfH
b1221	narL	b1590	ynfH
b1334	fnr	b1591	dmsD
b1221	narL	b1591	dmsD
b1608	rstA	b1597	asr
b1130	phoP	b1609	rstB
b3357	crp	b1611	fumC
b1531	marA	b1611	fumC
b4396	rob	b1611	fumC
b4063	soxR	b1611	fumC
b4062	soxS	b1611	fumC
b3357	crp	b1612	fumA
b3357	crp	b1621	malX
b1620	malI	b1621	malX
b3357	crp	b1622	malY
b1620	malI	b1622	malY
b1130	phoP	b1641	slyB
b1013	rutR	b1650	nemA
b1013	rutR	b1651	gloA
b1334	fnr	b1669	ydhT
b1221	narL	b1669	ydhT
b2193	narP	b1669	ydhT
b1334	fnr	b1670	ydhU
b1221	narL	b1670	ydhU
b2193	narP	b1670	ydhU
b1334	fnr	b1671	ydhX
b1221	narL	b1671	ydhX
b2193	narP	b1671	ydhX
b1334	fnr	b1672	ydhW
b1221	narL	b1672	ydhW
b2193	narP	b1672	ydhW
b1334	fnr	b1673	ydhV
b1221	narL	b1673	ydhV
b2193	narP	b1673	ydhV
b1334	fnr	b1674	ydhY
b1221	narL	b1674	ydhY
b2193	narP	b1674	ydhY
b0683	fur	b1679	sufE
b2531	iscR	b1679	sufE
b3961	oxyR	b1679	sufE
b0683	fur	b1680	sufS
b2531	iscR	b1680	sufS
b3961	oxyR	b1680	sufS
b0683	fur	b1681	sufD
b2531	iscR	b1681	sufD
b3961	oxyR	b1681	sufD
b0683	fur	b1682	sufC
b2531	iscR	b1682	sufC
b3961	oxyR	b1682	sufC
b0683	fur	b1683	sufB
b2531	iscR	b1683	sufB
b3961	oxyR	b1683	sufB
b0683	fur	b1684	sufA
b2531	iscR	b1684	sufA
b3961	oxyR	b1684	sufA
b4393	trpR	b1704	aroH
b2531	iscR	b1706	ydiU
b4043	lexA	b1728	ydjM
b3357	crp	b1733	chbG
b1735	chbR	b1733	chbG
b0676	nagC	b1733	chbG
b3357	crp	b1734	chbF
b1735	chbR	b1734	chbF
b0676	nagC	b1734	chbF
b3357	crp	b1736	chbA
b1735	chbR	b1736	chbA
b0676	nagC	b1736	chbA
b3357	crp	b1737	chbC
b1735	chbR	b1737	chbC
b0676	nagC	b1737	chbC
b3357	crp	b1738	chbB
b1735	chbR	b1738	chbB
b0676	nagC	b1738	chbB
b3261	fis	b1739	osmE
b2079	baeR	b1743	spy
b3912	cpxR	b1743	spy
b3237	argR	b1744	astE
b3237	argR	b1745	astB
b3237	argR	b1746	astD
b3237	argR	b1747	astA
b3237	argR	b1748	astC
b2916	argP	b1761	gdhA
b1130	phoP	b1826	mgrB
b1827	kdgR	b1850	eda
b0399	phoB	b1850	eda
b3438	gntR	b1850	eda
b3438	gntR	b1851	edd
b1531	marA	b1852	zwf
b4396	rob	b1852	zwf
b4062	soxS	b1852	zwf
b4046	zur	b1857	znuA
b4046	zur	b1858	znuC
b4046	zur	b1859	znuB
b4043	lexA	b1860	ruvB
b4043	lexA	b1861	ruvA
b3912	cpxR	b1887	cheW
b3912	cpxR	b1888	cheA
b3912	cpxR	b1889	motB
b3912	cpxR	b1890	motA
b0064	araC	b4460	araH
b3357	crp	b4460	araH
b0064	araC	b1900	araG
b3357	crp	b1900	araG
b0064	araC	b1901	araF
b3357	crp	b1901	araF
b3912	cpxR	b1902	ftnB
b1323	tyrR	b1907	tyrP
b0294	matA	b1923	fliC
b1040	csgD	b1937	fliE
b1040	csgD	b1938	fliF
b1040	csgD	b1939	fliG
b1040	csgD	b1940	fliH
b1040	csgD	b1941	fliI
b1040	csgD	b1942	fliJ
b1040	csgD	b1943	fliK
b3961	oxyR	b2000	flu
b0399	phoB	b2063	yegH
b2213	ada	b2068	alkA
b2079	baeR	b2074	mdtA
b3912	cpxR	b2074	mdtA
b2079	baeR	b2075	mdtB
b3912	cpxR	b2075	mdtB
b2079	baeR	b2076	mdtC
b3912	cpxR	b2076	mdtC
b2079	baeR	b2077	iceT
b3912	cpxR	b2077	iceT
b2079	baeR	b2078	baeS
b3912	cpxR	b2078	baeS
b2369	evgA	b2085	yegR
b3357	crp	b2091	gatD
b3357	crp	b2093	gatB
b3357	crp	b2094	gatA
b3357	crp	b2095	gatZ
b3357	crp	b2096	gatY
b2105	rcnR	b2106	rcnA
b2105	rcnR	b2107	rcnB
b3357	crp	b2143	cdd
b3934	cytR	b2143	cdd
b3357	crp	b2148	mglC
b3357	crp	b2149	mglA
b3357	crp	b2150	mglB
b0683	fur	b2155	cirA
b2916	argP	b2156	lysP
b0889	lrp	b2156	lysP
b1334	fnr	b2194	ccmH
b0761	modE	b2194	ccmH
b1221	narL	b2194	ccmH
b2193	narP	b2194	ccmH
b1334	fnr	b2195	dsbE
b0761	modE	b2195	dsbE
b1221	narL	b2195	dsbE
b2193	narP	b2195	dsbE
b1334	fnr	b2196	ccmF
b0761	modE	b2196	ccmF
b1221	narL	b2196	ccmF
b2193	narP	b2196	ccmF
b1334	fnr	b2197	ccmE
b0761	modE	b2197	ccmE
b1221	narL	b2197	ccmE
b2193	narP	b2197	ccmE
b1334	fnr	b2198	ccmD
b0761	modE	b2198	ccmD
b1221	narL	b2198	ccmD
b2193	narP	b2198	ccmD
b1334	fnr	b2199	ccmC
b0761	modE	b2199	ccmC
b1221	narL	b2199	ccmC
b2193	narP	b2199	ccmC
b1334	fnr	b2200	ccmB
b0761	modE	b2200	ccmB
b1221	narL	b2200	ccmB
b2193	narP	b2200	ccmB
b1334	fnr	b2201	ccmA
b0761	modE	b2201	ccmA
b1221	narL	b2201	ccmA
b2193	narP	b2201	ccmA
b2531	iscR	b2202	napC
b1334	fnr	b2202	napC
b0761	modE	b2202	napC
b1221	narL	b2202	napC
b2193	narP	b2202	napC
b2531	iscR	b2203	napB
b1334	fnr	b2203	napB
b0761	modE	b2203	napB
b1221	narL	b2203	napB
b2193	narP	b2203	napB
b2531	iscR	b2204	napH
b1334	fnr	b2204	napH
b0761	modE	b2204	napH
b1221	narL	b2204	napH
b2193	narP	b2204	napH
b2531	iscR	b2205	napG
b1334	fnr	b2205	napG
b0761	modE	b2205	napG
b1221	narL	b2205	napG
b2193	narP	b2205	napG
b2531	iscR	b2206	napA
b1334	fnr	b2206	napA
b0761	modE	b2206	napA
b1221	narL	b2206	napA
b2193	narP	b2206	napA
b2531	iscR	b2207	napD
b1334	fnr	b2207	napD
b0761	modE	b2207	napD
b4366	bglJ	b3721	bglB
b4366	bglJ	b3722	bglF
b4366	bglJ	b3723	bglG
b0620	citB	b3093	exuT
b0620	citB	b3236	mdh
b0080	fruR	b2415	ptsH
b0080	fruR	b2416	ptsI
b0080	fruR	b2417	crr
b0080	fruR	b2712	hypF
b0080	fruR	b2779	eno
b0080	fruR	b2925	fbaA
b0080	fruR	b2926	pgk
b0080	fruR	b2927	epd
b0080	fruR	b3403	pck
b0080	fruR	b3599	mtlA
b0080	fruR	b3600	mtlD
b0080	fruR	b3916	pfkA
b3512	gadE	b3491	yhiM
b3512	gadE	b3506	slp
b3512	gadE	b3517	gadA
b3512	gadE	b3800	aslB
b1507	hipA	b2782	mazF
b1507	hipA	b2784	relA
b1508	hipB	b2782	mazF
b1508	hipB	b2784	relA
b1237	hns	b2216	rcsD
b1237	hns	b2234	nrdA
b1237	hns	b2235	nrdB
b1237	hns	b2236	yfaE
b1237	hns	b2370	evgS
b1237	hns	b2677	proV
b1237	hns	b2678	proW
b1237	hns	b2679	proX
b1237	hns	b3338	chiA
b1237	hns	b3365	nirB
b1237	hns	b3366	nirD
b1237	hns	b3367	nirC
b1237	hns	b3368	cysG
b1237	hns	b3491	yhiM
b1237	hns	b3506	slp
b1237	hns	b3508	yhiD
b1237	hns	b3509	hdeB
b1237	hns	b3510	hdeA
b1237	hns	b3511	hdeD
b1237	hns	b3513	mdtE
b1237	hns	b3514	mdtF
b1237	hns	b3517	gadA
b1237	hns	b3721	bglB
b1237	hns	b3722	bglF
b1237	hns	b3723	bglG
b1712	ihfA	b2215	ompC
b1712	ihfA	b2221	atoD
b1712	ihfA	b2222	atoA
b1712	ihfA	b2223	atoE
b1712	ihfA	b2224	atoB
b1712	ihfA	b2239	glpQ
b1712	ihfA	b2240	glpT
b1712	ihfA	b2276	nuoN
b1712	ihfA	b2277	nuoM
b1712	ihfA	b2278	nuoL
b1712	ihfA	b2279	nuoK
b1712	ihfA	b2280	nuoJ
b1712	ihfA	b2281	nuoI
b1712	ihfA	b2282	nuoH
b1712	ihfA	b2283	nuoG
b1712	ihfA	b2284	nuoF
b1712	ihfA	b2285	nuoE
b1712	ihfA	b2286	nuoC
b1712	ihfA	b2287	nuoB
b1712	ihfA	b2288	nuoA
b1712	ihfA	b2677	proV
b1712	ihfA	b2678	proW
b1712	ihfA	b2679	proX
b1712	ihfA	b2710	norV
b1712	ihfA	b2711	norW
b1712	ihfA	b2717	hycI
b1712	ihfA	b2718	hycH
b1712	ihfA	b2719	hycG
b1712	ihfA	b2720	hycF
b1712	ihfA	b2721	hycE
b1712	ihfA	b2722	hycD
b1712	ihfA	b2723	hycC
b1712	ihfA	b2724	hycB
b1712	ihfA	b2726	hypA
b1712	ihfA	b2727	hypB
b1712	ihfA	b2728	hypC
b1712	ihfA	b2729	hypD
b1712	ihfA	b2730	hypE
b1712	ihfA	b2762	cysH
b1712	ihfA	b2763	cysI
b1712	ihfA	b2764	cysJ
b1712	ihfA	b4471	tdcG
b1712	ihfA	b3113	tdcF
b1712	ihfA	b3114	tdcE
b1712	ihfA	b3115	tdcD
b1712	ihfA	b3116	tdcC
b1712	ihfA	b3117	tdcB
b1712	ihfA	b3212	gltB
b1712	ihfA	b3213	gltD
b1712	ihfA	b3214	gltF
b1712	ihfA	b3260	dusB
b1712	ihfA	b3365	nirB
b1712	ihfA	b3366	nirD
b1712	ihfA	b3367	nirC
b1712	ihfA	b3368	cysG
b1712	ihfA	b3404	envZ
b1712	ihfA	b3461	rpoH
b1712	ihfA	b3724	phoU
b1712	ihfA	b3725	pstB
b1712	ihfA	b3726	pstA
b1712	ihfA	b3727	pstC
b1712	ihfA	b3728	pstS
b1712	ihfA	b3766	ilvL
b1712	ihfA	b4669	ilvX
b1712	ihfA	b3769	ilvM
b1712	ihfA	b3770	ilvE
b1712	ihfA	b3771	ilvD
b1712	ihfA	b3772	ilvA
b1712	ihfA	b3908	sodA
b0912	ihfB	b2215	ompC
b0912	ihfB	b2221	atoD
b0912	ihfB	b2222	atoA
b0912	ihfB	b2223	atoE
b0912	ihfB	b2224	atoB
b0912	ihfB	b2239	glpQ
b0912	ihfB	b2240	glpT
b0912	ihfB	b2276	nuoN
b0912	ihfB	b2277	nuoM
b0912	ihfB	b2278	nuoL
b0912	ihfB	b2279	nuoK
b0912	ihfB	b2280	nuoJ
b0912	ihfB	b2281	nuoI
b0912	ihfB	b2282	nuoH
b0912	ihfB	b2283	nuoG
b0912	ihfB	b2284	nuoF
b0912	ihfB	b2285	nuoE
b0912	ihfB	b2286	nuoC
b0912	ihfB	b2287	nuoB
b0912	ihfB	b2288	nuoA
b0912	ihfB	b2677	proV
b0912	ihfB	b2678	proW
b0912	ihfB	b2679	proX
b0912	ihfB	b2710	norV
b0912	ihfB	b2711	norW
b0912	ihfB	b2717	hycI
b0912	ihfB	b2718	hycH
b0912	ihfB	b2719	hycG
b0912	ihfB	b2720	hycF
b0912	ihfB	b2721	hycE
b0912	ihfB	b2722	hycD
b0912	ihfB	b2723	hycC
b0912	ihfB	b2724	hycB
b0912	ihfB	b2726	hypA
b0912	ihfB	b2727	hypB
b0912	ihfB	b2728	hypC
b0912	ihfB	b2729	hypD
b0912	ihfB	b2730	hypE
b0912	ihfB	b2762	cysH
b0912	ihfB	b2763	cysI
b0912	ihfB	b2764	cysJ
b0912	ihfB	b4471	tdcG
b0912	ihfB	b3113	tdcF
b0912	ihfB	b3114	tdcE
b0912	ihfB	b3115	tdcD
b0912	ihfB	b3116	tdcC
b0912	ihfB	b3117	tdcB
b0912	ihfB	b3212	gltB
b0912	ihfB	b3213	gltD
b0912	ihfB	b3214	gltF
b0912	ihfB	b3260	dusB
b0912	ihfB	b3365	nirB
b0912	ihfB	b3366	nirD
b0912	ihfB	b3367	nirC
b0912	ihfB	b3368	cysG
b0912	ihfB	b3404	envZ
b0912	ihfB	b3461	rpoH
b0912	ihfB	b3724	phoU
b0912	ihfB	b3725	pstB
b0912	ihfB	b3726	pstA
b0912	ihfB	b3727	pstC
b0912	ihfB	b3728	pstS
b0912	ihfB	b3766	ilvL
b0912	ihfB	b4669	ilvX
b0912	ihfB	b3769	ilvM
b0912	ihfB	b3770	ilvE
b0912	ihfB	b3771	ilvD
b0912	ihfB	b3772	ilvA
b0912	ihfB	b3908	sodA
b2783	mazE	b2781	mazG
b2783	mazE	b2782	mazF
b1594	dgsA	b2415	ptsH
b1594	dgsA	b2416	ptsI
b1594	dgsA	b2417	crr
b3021	ygiT	b2741	rpoS
b2427	yfeT	b2428	murQ
b2427	yfeT	b2429	murP
b3868	glnG	b2570	rseC
b3868	glnG	b2571	rseB
b3868	glnG	b2572	rseA
b3868	glnG	b2573	rpoE
b3868	glnG	b2784	relA
b3868	glnG	b3869	glnL
b3868	glnG	b3870	glnA
b2217	rcsB	b3491	yhiM
b2217	rcsB	b3506	slp
b2217	rcsB	b3517	gadA
b2217	rcsB	b3800	aslB
b2217	rcsB	b3721	bglB
b2217	rcsB	b3722	bglF
b2217	rcsB	b3723	bglG
b1434	ydcN	b3607	cysE
b2554	yfhA	b2570	rseC
b2554	yfhA	b2571	rseB
b2554	yfhA	b2572	rseA
b2554	yfhA	b2573	rpoE
b2782	mazF	b2781	mazG
b2782	mazF	b2782	mazF
b1221	narL	b2207	napD
b2193	narP	b2207	napD
b2531	iscR	b2208	napF
b1334	fnr	b2208	napF
b0761	modE	b2208	napF
b1221	narL	b2208	napF
b2193	narP	b2208	napF
b2213	ada	b2212	alkB
b3912	cpxR	b2215	ompC
b0889	lrp	b2215	ompC
b3405	ompR	b2215	ompC
b2220	atoC	b2221	atoD
b2220	atoC	b2222	atoA
b2220	atoC	b2223	atoE
b2220	atoC	b2224	atoB
b3261	fis	b2231	gyrA
b2916	argP	b2234	nrdA
b3702	dnaA	b2234	nrdA
b3261	fis	b2234	nrdA
b0413	nrdR	b2234	nrdA
b2916	argP	b2235	nrdB
b3702	dnaA	b2235	nrdB
b3261	fis	b2235	nrdB
b0413	nrdR	b2235	nrdB
b2916	argP	b2236	yfaE
b3702	dnaA	b2236	yfaE
b3261	fis	b2236	yfaE
b0413	nrdR	b2236	yfaE
b1531	marA	b2237	inaA
b4396	rob	b2237	inaA
b4062	soxS	b2237	inaA
b3357	crp	b2239	glpQ
b3423	glpR	b2239	glpQ
b3357	crp	b2240	glpT
b3423	glpR	b2240	glpT
b3357	crp	b2241	glpA
b3423	glpR	b2241	glpA
b3357	crp	b2242	glpB
b3423	glpR	b2242	glpB
b3357	crp	b2243	glpC
b3423	glpR	b2243	glpC
b4401	arcA	b2276	nuoN
b1334	fnr	b2276	nuoN
b3261	fis	b2276	nuoN
b4401	arcA	b2277	nuoM
b1334	fnr	b2277	nuoM
b3261	fis	b2277	nuoM
b4401	arcA	b2278	nuoL
b1334	fnr	b2278	nuoL
b3261	fis	b2278	nuoL
b4401	arcA	b2279	nuoK
b1334	fnr	b2279	nuoK
b3261	fis	b2279	nuoK
b4401	arcA	b2280	nuoJ
b1334	fnr	b2280	nuoJ
b3261	fis	b2280	nuoJ
b4401	arcA	b2281	nuoI
b1334	fnr	b2281	nuoI
b3261	fis	b2281	nuoI
b4401	arcA	b2282	nuoH
b1334	fnr	b2282	nuoH
b3261	fis	b2282	nuoH
b4401	arcA	b2283	nuoG
b1334	fnr	b2283	nuoG
b3261	fis	b2283	nuoG
b4401	arcA	b2284	nuoF
b1334	fnr	b2284	nuoF
b3261	fis	b2284	nuoF
b4401	arcA	b2285	nuoE
b1334	fnr	b2285	nuoE
b3261	fis	b2285	nuoE
b4401	arcA	b2286	nuoC
b1334	fnr	b2286	nuoC
b3261	fis	b2286	nuoC
b4401	arcA	b2287	nuoB
b1334	fnr	b2287	nuoB
b3261	fis	b2287	nuoB
b4401	arcA	b2288	nuoA
b1334	fnr	b2288	nuoA
b3261	fis	b2288	nuoA
b3237	argR	b2306	hisP
b3237	argR	b2307	hisM
b3237	argR	b2308	hisQ
b3237	argR	b2309	hisJ
b1658	purR	b2311	ubiX
b1658	purR	b2312	purF
b1658	purR	b2313	cvpA
b1187	fadR	b2316	accD
b3963	fabR	b2323	fabB
b1187	fadR	b2323	fabB
b4401	arcA	b2341	fadJ
b1187	fadR	b2341	fadJ
b4401	arcA	b2342	fadI
b1187	fadR	b2342	fadI
b4401	arcA	b2344	fadL
b3357	crp	b2344	fadL
b1187	fadR	b2344	fadL
b3405	ompR	b2344	fadL
b2369	evgA	b2367	emrY
b2369	evgA	b2368	emrK
b2369	evgA	b2370	evgS
b2369	evgA	b2374	frc
b0069	sgrR	b2379	alaC
b0817	mntR	b2392	mntH
b3961	oxyR	b2392	mntH
b3261	fis	b2400	gltX
b1275	cysB	b2414	cysK
b3357	crp	b2415	ptsH
b3357	crp	b2416	ptsI
b3357	crp	b2417	crr
b1275	cysB	b2421	cysM
b1275	cysB	b2422	cysA
b1275	cysB	b2423	cysW
b1275	cysB	b2424	cysU
b1275	cysB	b2425	cysP
b3357	crp	b2428	murQ
b3357	crp	b2429	murP
b2079	baeR	b2470	acrD
b3912	cpxR	b2470	acrD
b1658	purR	b2476	purC
b1334	fnr	b2499	purM
b1658	purR	b2499	purM
b1334	fnr	b2500	purN
b1658	purR	b2500	purN
b3357	crp	b2507	guaA
b3702	dnaA	b2507	guaA
b3261	fis	b2507	guaA
b3357	crp	b2508	guaB
b3702	dnaA	b2508	guaB
b3261	fis	b2508	guaB
b3357	crp	b2509	xseA
b1531	marA	b2509	xseA
b2531	iscR	b2528	iscA
b2531	iscR	b2529	iscU
b2531	iscR	b2530	iscS
b2537	hcaR	b2538	hcaE
b2537	hcaR	b2539	hcaF
b2537	hcaR	b2540	hcaC
b2537	hcaR	b2541	hcaB
b2537	hcaR	b2542	hcaD
b3828	metR	b2551	glyA
b1658	purR	b2551	glyA
b1334	fnr	b2552	hmp
b3828	metR	b2552	hmp
b3357	crp	b2570	rseC
b2217	rcsB	b2570	rseC
b3357	crp	b2571	rseB
b2217	rcsB	b2571	rseB
b3357	crp	b2572	rseA
b2217	rcsB	b2572	rseA
b3357	crp	b2573	rpoE
b2217	rcsB	b2573	rpoE
b4390	nadR	b2574	nadB
b1334	fnr	b2579	grcA
b3912	cpxR	b2580	ung
b3961	oxyR	b2582	trxC
b1323	tyrR	b2600	tyrA
b1323	tyrR	b2601	aroF
b4043	lexA	b2616	recN
b2531	iscR	b2630	rnlA
b2531	iscR	b2631	rnlB
b3912	cpxR	b2665	ygaU
b3912	cpxR	b2666	yqaE
b0889	lrp	b2670	alaE
b0413	nrdR	b2673	nrdH
b0413	nrdR	b2674	nrdI
b0413	nrdR	b2675	nrdE
b0413	nrdR	b2676	nrdF
b1914	uvrY	b2687	luxS
b4043	lexA	b2698	recX
b4043	lexA	b2699	recA
b2709	norR	b2710	norV
b2709	norR	b2711	norW
b2731	fhlA	b2712	hypF
b2731	fhlA	b2713	hydN
b2714	ascG	b2715	ascF
b3357	crp	b2715	ascF
b2714	ascG	b2716	ascB
b3357	crp	b2716	ascB
b2731	fhlA	b2717	hycI
b0761	modE	b2717	hycI
b2731	fhlA	b2718	hycH
b0761	modE	b2718	hycH
b2731	fhlA	b2719	hycG
b0761	modE	b2719	hycG
b2731	fhlA	b2720	hycF
b0761	modE	b2720	hycF
b2731	fhlA	b2721	hycE
b0761	modE	b2721	hycE
b2731	fhlA	b2722	hycD
b0761	modE	b2722	hycD
b2731	fhlA	b2723	hycC
b0761	modE	b2723	hycC
b2731	fhlA	b2724	hycB
b0761	modE	b2724	hycB
b2731	fhlA	b2726	hypA
b1334	fnr	b2727	hypB
b2731	fhlA	b2727	hypB
b1334	fnr	b2728	hypC
b2731	fhlA	b2728	hypC
b1334	fnr	b2729	hypD
b2731	fhlA	b2729	hypD
b1334	fnr	b2730	hypE
b2731	fhlA	b2730	hypE
b4401	arcA	b2741	rpoS
b3357	crp	b2741	rpoS
b3261	fis	b2781	mazG
b3261	fis	b2782	mazF
b3357	crp	b2782	mazF
b3357	crp	b2784	relA
b3357	crp	b2801	fucP
b3357	crp	b2802	fucI
b3357	crp	b2803	fucK
b3357	crp	b2804	fucU
b3237	argR	b2818	argA
b4043	lexA	b2821	ptrA
b2916	argP	b2838	lysA
b0064	araC	b2840	ygeA
b3357	crp	b2840	ygeA
b0064	araC	b2841	araE
b3357	crp	b2841	araE
b3357	crp	b2903	gcvP
b2808	gcvA	b2903	gcvP
b0889	lrp	b2903	gcvP
b3357	crp	b2904	gcvH
b2808	gcvA	b2904	gcvH
b0889	lrp	b2904	gcvH
b3357	crp	b2905	gcvT
b2808	gcvA	b2905	gcvT
b0889	lrp	b2905	gcvT
b0889	lrp	b2913	serA
b3357	crp	b2925	fbaA
b3357	crp	b2926	pgk
b3357	crp	b2927	epd
b2837	galR	b2943	galP
b2151	galS	b2943	galP
b0676	nagC	b2943	galP
b3357	crp	b2957	ansB
b1334	fnr	b2957	ansB
b3357	crp	b2964	nupG
b3934	cytR	b2964	nupG
b4401	arcA	b2975	glcA
b2980	glcC	b2975	glcA
b0113	pdhR	b2975	glcA
b4401	arcA	b2976	glcB
b2980	glcC	b2976	glcB
b0113	pdhR	b2976	glcB
b4401	arcA	b2977	glcG
b2980	glcC	b2977	glcG
b0113	pdhR	b2977	glcG
b4401	arcA	b4467	glcF
b2980	glcC	b4467	glcF
b0113	pdhR	b4467	glcF
b4401	arcA	b4468	glcE
b2980	glcC	b4468	glcE
b0113	pdhR	b4468	glcE
b4401	arcA	b2979	glcD
b2980	glcC	b2979	glcD
b0113	pdhR	b2979	glcD
b0683	fur	b3005	exbD
b0683	fur	b3006	exbB
b3938	metJ	b3008	metC
b3010	yqhC	b3011	yqhD
b3010	yqhC	b3012	dkgA
b4113	basR	b3026	qseC
b3025	qseB	b3026	qseC
b4043	lexA	b3065	rpsU
b4043	lexA	b3066	dnaG
b4043	lexA	b3067	rpoD
b3357	crp	b3072	aer
b3912	cpxR	b3095	yqjA
b3912	cpxR	b3096	mzrA
b3357	crp	b4471	tdcG
b3118	tdcA	b4471	tdcG
b3119	tdcR	b4471	tdcG
b3357	crp	b3113	tdcF
b3118	tdcA	b3113	tdcF
b3119	tdcR	b3113	tdcF
b3357	crp	b3114	tdcE
b3118	tdcA	b3114	tdcE
b3119	tdcR	b3114	tdcE
b3357	crp	b3115	tdcD
b3118	tdcA	b3115	tdcD
b3119	tdcR	b3115	tdcD
b3357	crp	b3116	tdcC
b3118	tdcA	b3116	tdcC
b3119	tdcR	b3116	tdcC
b3357	crp	b3117	tdcB
b3118	tdcA	b3117	tdcB
b3119	tdcR	b3117	tdcB
b0683	fur	b3124	garK
b0683	fur	b3125	garR
b0683	fur	b3126	garL
b0683	fur	b3127	garP
b3131	agaR	b3132	kbaZ
b3357	crp	b3132	kbaZ
b3131	agaR	b3133	agaV
b3357	crp	b3133	agaV
b4393	trpR	b3161	mtr
b1323	tyrR	b3161	mtr
b3237	argR	b3172	argG
b3357	crp	b3172	argG
b2127	mlrA	b3183	obgE
b2127	mlrA	b3184	yhbE
b2127	mlrA	b3185	rpmA
b2127	mlrA	b3186	rplU
b4113	basR	b3207	yrbL
b1130	phoP	b3207	yrbL
b4116	adiY	b3212	gltB
b3237	argR	b3212	gltB
b3357	crp	b3212	gltB
b3512	gadE	b3212	gltB
b4480	hdfR	b3212	gltB
b0889	lrp	b3212	gltB
b4116	adiY	b3213	gltD
b3237	argR	b3213	gltD
b3357	crp	b3213	gltD
b3512	gadE	b3213	gltD
b4480	hdfR	b3213	gltD
b0889	lrp	b3213	gltD
b4116	adiY	b3214	gltF
b3237	argR	b3214	gltF
b3357	crp	b3214	gltF
b3512	gadE	b3214	gltF
b4480	hdfR	b3214	gltF
b0889	lrp	b3214	gltF
b3357	crp	b3221	yhcH
b3226	nanR	b3221	yhcH
b3357	crp	b3222	nanK
b3226	nanR	b3222	nanK
b3357	crp	b3223	nanE
b3226	nanR	b3223	nanE
b3357	crp	b3224	nanT
b3226	nanR	b3224	nanT
b3357	crp	b3225	nanA
b3226	nanR	b3225	nanA
b3357	crp	b3230	rpsI
b3357	crp	b3231	rplM
b0435	bolA	b3249	mreD
b0435	bolA	b3250	mreC
b0435	bolA	b3251	mreB
b1187	fadR	b3255	accB
b1187	fadR	b3256	accC
b3357	crp	b3260	dusB
b3261	fis	b3260	dusB
b3357	crp	b3356	yhfA
b3237	argR	b3359	argD
b3357	crp	b3363	ppiA
b3912	cpxR	b3363	ppiA
b3934	cytR	b3363	ppiA
b1334	fnr	b3365	nirB
b3261	fis	b3365	nirB
b1221	narL	b3365	nirB
b2193	narP	b3365	nirB
b1334	fnr	b3366	nirD
b3261	fis	b3366	nirD
b1221	narL	b3366	nirD
b2193	narP	b3366	nirD
b1334	fnr	b3367	nirC
b3261	fis	b3367	nirC
b1221	narL	b3367	nirC
b2193	narP	b3367	nirC
b1334	fnr	b3368	cysG
b3261	fis	b3368	cysG
b1221	narL	b3368	cysG
b2193	narP	b3368	cysG
b3357	crp	b3403	pck
b3357	crp	b3404	envZ
b2531	iscR	b3414	nfuA
b3357	crp	b3415	gntT
b3438	gntR	b3415	gntT
b3418	malT	b3416	malQ
b3418	malT	b3417	malP
b3357	crp	b3424	glpG
b3357	crp	b3425	glpE
b3357	crp	b3426	glpD
b3423	glpR	b3426	glpD
b3357	crp	b3428	glgP
b3357	crp	b3429	glgA
b3357	crp	b3430	glgC
b3438	gntR	b4476	gntU
b3438	gntR	b3437	gntK
b3357	crp	b3449	ugpQ
b0399	phoB	b3449	ugpQ
b3357	crp	b3450	ugpC
b0399	phoB	b3450	ugpC
b3357	crp	b3451	ugpE
b0399	phoB	b3451	ugpE
b3357	crp	b3452	ugpA
b0399	phoB	b3452	ugpA
b3357	crp	b3453	ugpB
b0399	phoB	b3453	ugpB
b0889	lrp	b3460	livJ
b3357	crp	b3461	rpoH
b3934	cytR	b3461	rpoH
b3292	zntR	b3469	zntA
b1334	fnr	b3476	nikA
b3481	nikR	b3476	nikA
b1334	fnr	b3477	nikB
b3481	nikR	b3477	nikB
b1334	fnr	b3478	nikC
b3481	nikR	b3478	nikC
b1334	fnr	b3479	nikD
b3481	nikR	b3479	nikD
b1334	fnr	b3480	nikE
b3481	nikR	b3480	nikE
b1187	fadR	b3495	uspA
b3501	arsR	b3502	arsB
b3501	arsR	b3503	arsC
b3516	gadX	b3506	slp
b1499	ydeO	b3506	slp
b1921	fliZ	b3508	yhiD
b3512	gadE	b3508	yhiD
b3515	gadW	b3508	yhiD
b3516	gadX	b3508	yhiD
b1531	marA	b3508	yhiD
b1130	phoP	b3508	yhiD
b1921	fliZ	b3509	hdeB
b3512	gadE	b3509	hdeB
b3515	gadW	b3509	hdeB
b3516	gadX	b3509	hdeB
b1531	marA	b3509	hdeB
b1130	phoP	b3509	hdeB
b1921	fliZ	b3510	hdeA
b3512	gadE	b3510	hdeA
b3515	gadW	b3510	hdeA
b3516	gadX	b3510	hdeA
b1531	marA	b3510	hdeA
b1130	phoP	b3510	hdeA
b3512	gadE	b3511	hdeD
b3516	gadX	b3511	hdeD
b1130	phoP	b3511	hdeD
b3357	crp	b3513	mdtE
b2369	evgA	b3513	mdtE
b1921	fliZ	b3513	mdtE
b3512	gadE	b3513	mdtE
b1499	ydeO	b3513	mdtE
b3357	crp	b3514	mdtF
b2369	evgA	b3514	mdtF
b1921	fliZ	b3514	mdtF
b3512	gadE	b3514	mdtF
b1499	ydeO	b3514	mdtF
b4116	adiY	b3517	gadA
b3515	gadW	b3517	gadA
b3516	gadX	b3517	gadA
b3357	crp	b3528	dctA
b4124	dcuR	b3528	dctA
b3569	xylR	b3564	xylB
b3569	xylR	b3565	xylA
b3569	xylR	b3566	xylF
b3569	xylR	b3567	xylG
b3569	xylR	b3568	xylH
b3357	crp	b3588	aldB
b3261	fis	b3588	aldB
b3357	crp	b3599	mtlA
b3357	crp	b3600	mtlD
b4401	arcA	b3603	lldP
b3604	lldR	b3603	lldP
b4401	arcA	b3605	lldD
b3604	lldR	b3605	lldD
b0889	lrp	b3616	tdh
b0889	lrp	b3617	kbl
b1040	csgD	b3661	nlpA
b3357	crp	b3666	uhpT
b3669	uhpA	b3666	uhpT
b1914	uvrY	b3666	uhpT
b3357	crp	b3670	ilvN
b3357	crp	b3671	ilvB
b3357	crp	b3672	ivbL
b3261	fis	b3699	gyrB
b2916	argP	b3700	recF
b3702	dnaA	b3700	recF
b2916	argP	b3701	dnaN
b3702	dnaA	b3701	dnaN
b0995	torR	b3707	tnaC
b0995	torR	b3708	tnaA
b0995	torR	b3709	tnaB
b3357	crp	b3721	bglB
b3261	fis	b3721	bglB
b0076	leuO	b3721	bglB
b3357	crp	b3722	bglF
b3261	fis	b3722	bglF
b0076	leuO	b3722	bglF
b3357	crp	b3723	bglG
b3261	fis	b3723	bglG
b0076	leuO	b3723	bglG
b0399	phoB	b3724	phoU
b0399	phoB	b3725	pstB
b0399	phoB	b3726	pstA
b0399	phoB	b3727	pstC
b0399	phoB	b3728	pstS
b0676	nagC	b3729	glmS
b0676	nagC	b3730	glmU
b3753	rbsR	b3748	rbsD
b3753	rbsR	b3749	rbsA
b3753	rbsR	b3750	rbsC
b3753	rbsR	b3751	rbsB
b3753	rbsR	b3752	rbsK
b0889	lrp	b3766	ilvL
b0889	lrp	b4669	ilvX
b0889	lrp	b3769	ilvM
b0889	lrp	b3770	ilvE
b0889	lrp	b3771	ilvD
b0889	lrp	b3772	ilvA
b3773	ilvY	b3774	ilvC
b3357	crp	b3781	trxA
b3357	crp	b3806	cyaA
b3938	metJ	b3829	metE
b3828	metR	b3829	metE
b3357	crp	b3831	udp
b3934	cytR	b3831	udp
b4401	arcA	b3845	fadA
b4401	arcA	b3846	fadB
b3912	cpxR	b3859	srkA
b3912	cpxR	b3860	dsbA
b3702	dnaA	b3863	polA
b3357	crp	b3869	glnL
b3261	fis	b3869	glnL
b3357	crp	b3870	glnA
b3261	fis	b3870	glnA
b3905	rhaS	b3902	rhaD
b3905	rhaS	b3903	rhaA
b3905	rhaS	b3904	rhaB
b3905	rhaS	b3907	rhaT
b0683	fur	b3908	sodA
b1531	marA	b3908	sodA
b4062	soxS	b3908	sodA
b3912	cpxR	b3911	cpxA
b3912	cpxR	b4484	cpxP
b1531	marA	b3924	fpr
b4062	soxS	b3924	fpr
b3423	glpR	b3925	glpX
b3423	glpR	b3926	glpK
b3423	glpR	b3927	glpF
b3938	metJ	b3941	metF
b3961	oxyR	b3942	katG
b3237	argR	b3957	argE
b3237	argR	b3958	argC
b3237	argR	b3959	argB
b3237	argR	b3960	argH
b3261	fis	b3980	tufB
b0080	fruR	b4014	aceB
b0080	fruR	b4015	aceA
b0080	fruR	b4016	aceK
b3512	gadE	b4131	cadA
b3512	gadE	b4132	cadB
b1237	hns	b4131	cadA
b1237	hns	b4132	cadB
b1237	hns	b4237	nrdG
b1237	hns	b4238	nrdD
b1237	hns	b4312	fimB
b1237	hns	b4313	fimE
b1237	hns	b4314	fimA
b1237	hns	b4315	fimI
b1237	hns	b4316	fimC
b1237	hns	b4317	fimD
b1237	hns	b4318	fimF
b1237	hns	b4319	fimG
b1237	hns	b4320	fimH
b1237	hns	b4364	yjjP
b1237	hns	b1257	yciE
b1237	hns	b2911	ssrS
b1237	hns	b3968	rrsB
b1237	hns	b3969	gltT
b1237	hns	b3970	rrlB
b1237	hns	b3971	rrfB
b1237	hns	b4718	gadF
b1712	ihfA	b4014	aceB
b1712	ihfA	b4015	aceA
b1712	ihfA	b4016	aceK
b1712	ihfA	b4026	yjbE
b1712	ihfA	b4027	yjbF
b1712	ihfA	b4028	yjbG
b1712	ihfA	b4029	yjbH
b1712	ihfA	b4070	nrfA
b1712	ihfA	b4071	nrfB
b1712	ihfA	b4072	nrfC
b1712	ihfA	b4073	nrfD
b1712	ihfA	b4074	nrfE
b1712	ihfA	b4075	nrfF
b1712	ihfA	b4076	nrfG
b1712	ihfA	b4117	adiA
b1712	ihfA	b4312	fimB
b1712	ihfA	b4376	osmY
b1712	ihfA	b0553	nmpC
b1712	ihfA	b4439	micF
b1712	ihfA	b4441	glmY
b1712	ihfA	b3767	ilvG_1
b1712	ihfA	b3768	ilvG_2
b0912	ihfB	b4014	aceB
b0912	ihfB	b4015	aceA
b0912	ihfB	b4016	aceK
b0912	ihfB	b4026	yjbE
b0912	ihfB	b4027	yjbF
b0912	ihfB	b4028	yjbG
b0912	ihfB	b4029	yjbH
b0912	ihfB	b4070	nrfA
b0912	ihfB	b4071	nrfB
b0912	ihfB	b4072	nrfC
b0912	ihfB	b4073	nrfD
b0912	ihfB	b4074	nrfE
b0912	ihfB	b4075	nrfF
b0912	ihfB	b4076	nrfG
b0912	ihfB	b4117	adiA
b0912	ihfB	b4312	fimB
b0912	ihfB	b4376	osmY
b0912	ihfB	b0553	nmpC
b0912	ihfB	b4439	micF
b0912	ihfB	b4441	glmY
b0912	ihfB	b3767	ilvG_1
b0912	ihfB	b3768	ilvG_2
b1450	yncC	b3995	rsd
b1450	yncC	b1257	yciE
b2217	rcsB	b4131	cadA
b2217	rcsB	b4132	cadB
b0846	ybjK	b3995	rsd
b1328	ycjZ	b4525	ymjC
b1328	ycjZ	b4673	ymjD
b2554	yfhA	b4441	glmY
b4401	arcA	b3995	rsd
b1916	sdiA	b3995	rsd
b1642	slyA	b3995	rsd
b4004	zraR	b4002	zraP
b4004	zraR	b4003	zraS
b1658	purR	b4005	purD
b3753	rbsR	b4005	purD
b1658	purR	b4006	purH
b3753	rbsR	b4006	purH
b3938	metJ	b4013	metA
b4018	iclR	b4014	aceB
b4018	iclR	b4015	aceA
b4018	iclR	b4016	aceK
b2916	argP	b4024	lysC
b3357	crp	b4030	psiE
b0399	phoB	b4030	psiE
b3357	crp	b4032	malG
b3418	malT	b4032	malG
b3357	crp	b4033	malF
b3418	malT	b4033	malF
b3357	crp	b4034	malE
b3418	malT	b4034	malE
b3357	crp	b4035	malK
b3418	malT	b4035	malK
b3357	crp	b4036	lamB
b3418	malT	b4036	lamB
b3357	crp	b4037	malM
b3418	malT	b4037	malM
b4113	basR	b4042	dgkA
b4043	lexA	b4044	dinF
b1303	pspF	b4050	pspG
b1323	tyrR	b4054	tyrB
b4401	arcA	b4058	uvrA
b4401	arcA	b4059	ssb
b1334	fnr	b4070	nrfA
b3261	fis	b4070	nrfA
b1221	narL	b4070	nrfA
b2193	narP	b4070	nrfA
b4178	nsrR	b4070	nrfA
b1334	fnr	b4071	nrfB
b3261	fis	b4071	nrfB
b1221	narL	b4071	nrfB
b2193	narP	b4071	nrfB
b4178	nsrR	b4071	nrfB
b1334	fnr	b4072	nrfC
b3261	fis	b4072	nrfC
b1221	narL	b4072	nrfC
b2193	narP	b4072	nrfC
b4178	nsrR	b4072	nrfC
b1334	fnr	b4073	nrfD
b3261	fis	b4073	nrfD
b1221	narL	b4073	nrfD
b2193	narP	b4073	nrfD
b4178	nsrR	b4073	nrfD
b1334	fnr	b4074	nrfE
b3261	fis	b4074	nrfE
b1221	narL	b4074	nrfE
b2193	narP	b4074	nrfE
b4178	nsrR	b4074	nrfE
b1334	fnr	b4075	nrfF
b3261	fis	b4075	nrfF
b1221	narL	b4075	nrfF
b2193	narP	b4075	nrfF
b4178	nsrR	b4075	nrfF
b1334	fnr	b4076	nrfG
b3261	fis	b4076	nrfG
b1221	narL	b4076	nrfG
b2193	narP	b4076	nrfG
b4178	nsrR	b4076	nrfG
b2731	fhlA	b4079	fdhF
b1221	narL	b4079	fdhF
b3357	crp	b4111	proP
b3261	fis	b4111	proP
b4116	adiY	b4117	adiA
b3357	crp	b4119	melA
b4118	melR	b4119	melA
b3357	crp	b4120	melB
b4118	melR	b4120	melB
b4124	dcuR	b4122	fumB
b4124	dcuR	b4123	dcuB
b1221	narL	b4125	dcuS
b0889	lrp	b4129	lysU
b4133	cadC	b4131	cadA
b0889	lrp	b4131	cadA
b3405	ompR	b4131	cadA
b4133	cadC	b4132	cadB
b0889	lrp	b4132	cadB
b3405	ompR	b4132	cadB
b1221	narL	b4138	dcuA
b1221	narL	b4139	aspA
b4124	dcuR	b4151	frdD
b1221	narL	b4151	frdD
b4124	dcuR	b4152	frdC
b1221	narL	b4152	frdC
b4124	dcuR	b4153	frdB
b1221	narL	b4153	frdB
b4124	dcuR	b4154	frdA
b1221	narL	b4154	frdA
b3702	dnaA	b4670	yjeV
b3357	crp	b4172	hfq
b3357	crp	b4173	hflX
b3357	crp	b4174	hflK
b3357	crp	b4175	hflC
b1531	marA	b4177	purA
b1658	purR	b4177	purA
b4191	ulaR	b4192	ulaG
b3357	crp	b4193	ulaA
b4191	ulaR	b4193	ulaA
b3357	crp	b4194	ulaB
b4191	ulaR	b4194	ulaB
b3357	crp	b4195	ulaC
b4191	ulaR	b4195	ulaC
b3357	crp	b4196	ulaD
b4191	ulaR	b4196	ulaD
b3357	crp	b4197	ulaE
b4191	ulaR	b4197	ulaE
b3357	crp	b4198	ulaF
b4191	ulaR	b4198	ulaF
b3357	crp	b4200	rpsF
b3357	crp	b4201	priB
b3357	crp	b4202	rpsR
b3357	crp	b4203	rplI
b4178	nsrR	b4209	ytfE
b3357	crp	b4213	cpdB
b1334	fnr	b4237	nrdG
b0413	nrdR	b4237	nrdG
b1334	fnr	b4238	nrdD
b0413	nrdR	b4238	nrdD
b4241	treR	b4239	treC
b4241	treR	b4240	treB
b3237	argR	b4254	argI
b0683	fur	b4287	fecE
b0683	fur	b4288	fecD
b0683	fur	b4289	fecC
b0683	fur	b4290	fecB
b0683	fur	b4291	fecA
b0683	fur	b4292	fecR
b1642	slyA	b4292	fecR
b0683	fur	b4293	fecI
b1642	slyA	b4293	fecI
b3357	crp	b4309	nanS
b0676	nagC	b4309	nanS
b3226	nanR	b4309	nanS
b3357	crp	b4310	nanM
b0676	nagC	b4310	nanM
b3226	nanR	b4310	nanM
b3357	crp	b4311	nanC
b0676	nagC	b4311	nanC
b3226	nanR	b4311	nanC
b4113	basR	b4312	fimB
b0676	nagC	b4312	fimB
b3226	nanR	b4312	fimB
b2289	lrhA	b4313	fimE
b0889	lrp	b4314	fimA
b0889	lrp	b4315	fimI
b0889	lrp	b4316	fimC
b0889	lrp	b4317	fimD
b0889	lrp	b4318	fimF
b0889	lrp	b4319	fimG
b0889	lrp	b4320	fimH
b3357	crp	b4321	gntP
b4324	uxuR	b4321	gntP
b3357	crp	b4322	uxuA
b4324	uxuR	b4322	uxuA
b3357	crp	b4323	uxuB
b4324	uxuR	b4323	uxuB
b4043	lexA	b4347	symE
b3912	cpxR	b4355	tsr
b0683	fur	b4367	fhuF
b3961	oxyR	b4367	fhuF
b0683	fur	b4567	yjjZ
b3961	oxyR	b4567	yjjZ
b1921	fliZ	b4376	osmY
b0889	lrp	b4376	osmY
b3357	crp	b4381	deoC
b3934	cytR	b4381	deoC
b0840	deoR	b4381	deoC
b0761	modE	b4381	deoC
b3357	crp	b4382	deoA
b3934	cytR	b4382	deoA
b0840	deoR	b4382	deoA
b0761	modE	b4382	deoA
b3357	crp	b4383	deoB
b3934	cytR	b4383	deoB
b0840	deoR	b4383	deoB
b0761	modE	b4383	deoB
b3357	crp	b4384	deoD
b3934	cytR	b4384	deoD
b0840	deoR	b4384	deoD
b0761	modE	b4384	deoD
b4398	creB	b4400	creD
b0069	sgrR	b4577	sgrS
b3261	fis	b0201	rrsH
b3261	fis	b0202	ileV
b3261	fis	b0203	alaV
b3261	fis	b0204	rrlH
b3261	fis	b0205	rrfH
b3357	crp	b0553	nmpC
b3405	ompR	b0553	nmpC
b3261	fis	b1230	tyrV
b3261	fis	b1231	tyrT
b1334	fnr	b4699	fnrS
b3912	cpxR	b4431	rprA
b2217	rcsB	b4431	rprA
b3357	crp	b4438	cyaR
b3912	cpxR	b4438	cyaR
b2369	evgA	b2083	yegZ
b3357	crp	b2092	gatC
b0889	lrp	b4439	micF
b1531	marA	b4439	micF
b3405	ompR	b4439	micF
b4396	rob	b4439	micF
b4062	soxS	b4439	micF
b3261	fis	b2401	valU
b3261	fis	b2402	valX
b3261	fis	b2403	valY
b3261	fis	b2404	lysV
b3261	fis	b2588	rrfG
b3261	fis	b2589	rrlG
b3261	fis	b2590	gltW
b3261	fis	b2591	rrsG
b1914	uvrY	b4408	csrB
b2808	gcvA	b4443	gcvB
b3261	fis	b2911	ssrS
b0889	lrp	b2911	ssrS
b2669	stpA	b2911	ssrS
b0683	fur	b3123	rnpB
b3261	fis	b3123	rnpB
b3131	agaR	b3134	agaW
b3357	crp	b3134	agaW
b3131	agaR	b3135	agaA
b3357	crp	b3135	agaA
b3237	argR	b3171	metY
b3357	crp	b3171	metY
b3261	fis	b3272	rrfF
b3261	fis	b3273	thrV
b3261	fis	b3274	rrfD
b3261	fis	b3275	rrlD
b3261	fis	b3276	alaU
b3261	fis	b3277	ileU
b3261	fis	b3278	rrsD
b0683	fur	b4451	ryhB
b3261	fis	b3756	rrsC
b0889	lrp	b3756	rrsC
b3261	fis	b3757	gltU
b0889	lrp	b3757	gltU
b3261	fis	b3758	rrlC
b0889	lrp	b3758	rrlC
b3261	fis	b3759	rrfC
b0889	lrp	b3759	rrfC
b3261	fis	b3851	rrsA
b0889	lrp	b3851	rrsA
b3261	fis	b3852	ileT
b0889	lrp	b3852	ileT
b3261	fis	b3853	alaT
b0889	lrp	b3853	alaT
b3261	fis	b3854	rrlA
b0889	lrp	b3854	rrlA
b3261	fis	b3855	rrfA
b0889	lrp	b3855	rrfA
b3357	crp	b4457	csrC
b1914	uvrY	b4457	csrC
b3961	oxyR	b4458	oxyS
b3261	fis	b3968	rrsB
b0889	lrp	b3968	rrsB
b3261	fis	b3969	gltT
b0889	lrp	b3969	gltT
b3261	fis	b3970	rrlB
b0889	lrp	b3970	rrlB
b3261	fis	b3971	rrfB
b0889	lrp	b3971	rrfB
b3261	fis	b3976	thrU
b3261	fis	b3977	tyrU
b3261	fis	b3978	glyT
b3261	fis	b3979	thrT
b3261	fis	b4007	rrsE
b3261	fis	b4008	gltV
b3261	fis	b4009	rrlE
b3261	fis	b4010	rrfE
b3357	crp	b4718	gadF
b2369	evgA	b4718	gadF
b1921	fliZ	b4718	gadF
b3512	gadE	b4718	gadF
b1499	ydeO	b4718	gadF
b0889	lrp	b3767	ilvG_1
b0889	lrp	b3768	ilvG_2
b3912	cpxR	b4716	cpxQ