tf	gene
adiY	dhaR
adiY	glnA
adiY	glnG
adiY	glnL
adiY	yffO
adiY	yffP
agaR	agaA
agaR	agaB
agaR	agaC
agaR	agaD
agaR	agaI
agaR	agaR
agaR	agaS
agaR	agaV
agaR	agaW
agaR	atoA
agaR	atoB
agaR	atoD
agaR	atoE
agaR	borD
agaR	crfC
agaR	cysC
agaR	cysD
agaR	cysN
agaR	kbaY
agaR	kbaZ
agaR	metC
agaR	omrA
agaR	tesB
agaR	umuC
agaR	umuD
agaR	uspG
agaR	yjcZ
agaR	yoaE
agaR	zwf
allR	accB
allR	accC
allR	aceE
allR	aceF
allR	acrA
allR	acrB
allR	acrD
allR	alaT
allR	allA
allR	allB
allR	allS
allR	ansB
allR	argU
allR	aroB
allR	aroD
allR	aroF
allR	aroK
allR	asnT
allR	aspS
allR	astA
allR	astB
allR	astC
allR	astD
allR	astE
allR	bacA
allR	bglX
allR	borD
allR	btuD
allR	cadC
allR	caiF
allR	cobS
allR	cobT
allR	cobU
allR	comR
allR	crp
allR	dacC
allR	dam
allR	damX
allR	ddlB
allR	dgcC
allR	dnaQ
allR	esrE
allR	fadE
allR	fiu
allR	flhC
allR	flhD
allR	fruA
allR	fruB
allR	fruK
allR	ftsA
allR	ftsI
allR	ftsL
allR	ftsQ
allR	ftsW
allR	ftsZ
allR	galR
allR	gapA
allR	gcl
allR	glgS
allR	glk
allR	glxK
allR	glxR
allR	glyT
allR	gntR
allR	gph
allR	gpmA
allR	gspA
allR	gspB
allR	hicA
allR	hicB
allR	hupB
allR	hyi
allR	icd
allR	ileT
allR	ilvB
allR	ilvN
allR	ivbL
allR	ldcC
allR	ldtB
allR	leuE
allR	lpd
allR	lpxC
allR	manX
allR	manY
allR	manZ
allR	mdtE
allR	mdtF
allR	metG
allR	metH
allR	mlc
allR	mnmA
allR	mntH
allR	mraY
allR	mraZ
allR	murC
allR	murD
allR	murE
allR	murF
allR	murG
allR	nfsA
allR	obgE
allR	ompA
allR	ompT
allR	ompW
allR	ompX
allR	panD
allR	panF
allR	patD
allR	pck
allR	pdeH
allR	pdhR
allR	pgaA
allR	pgaB
allR	pgaC
allR	pgaD
allR	phoE
allR	priB
allR	prmA
allR	proK
allR	pyrB
allR	pyrC
allR	pyrI
allR	pyrL
allR	rihB
allR	rimK
allR	rnd
allR	rne
allR	rpe
allR	rplI
allR	rplM
allR	rplU
allR	rpmA
allR	rpmE
allR	rpoH
allR	rpsF
allR	rpsI
allR	rpsR
allR	rrfA
allR	rrlA
allR	rrsA
allR	rsmH
allR	rtcA
allR	rtcB
allR	ryjA
allR	serX
allR	sibC
allR	soxS
allR	sseA
allR	tatA
allR	tatB
allR	tatC
allR	tatD
allR	tdcA
allR	tdcB
allR	tdcC
allR	tdcD
allR	tdcE
allR	tdcF
allR	tdcG
allR	thrT
allR	thrU
allR	thrW
allR	thyA
allR	tnaA
allR	tnaB
allR	tnaC
allR	trpS
allR	tufB
allR	tyrA
allR	tyrU
allR	uidA
allR	uidB
allR	uidC
allR	uidR
allR	umpH
allR	ung
allR	uspG
allR	ybbW
allR	ybbY
allR	ybjC
allR	ybjN
allR	ydcI
allR	ydcS
allR	ydcT
allR	ydcU
allR	ydcV
allR	ydhQ
allR	yeiL
allR	yfeC
allR	yfeD
allR	yfeK
allR	yfeS
allR	yffO
allR	yffP
allR	ygeV
allR	yggE
allR	ygiZ
allR	yhbE
allR	yhdT
allR	yjcS
allR	yjfC
allR	yjfK
allR	yjfL
allR	yjfM
allR	yliM
allR	ynfK
allR	yoaE
allR	yrbL
allR	ytfJ
allR	zinT
allR	zntA
arcA	acnB
arcA	arcA
arcA	argT
arcA	astA
arcA	astB
arcA	astC
arcA	astD
arcA	astE
arcA	clpA
arcA	cydA
arcA	cydB
arcA	cydC
arcA	cydD
arcA	cyoA
arcA	cyoB
arcA	cyoC
arcA	cyoD
arcA	cyoE
arcA	fadD
arcA	fadI
arcA	fadJ
arcA	gabD
arcA	gabP
arcA	gabT
arcA	gcvA
arcA	glaH
arcA	glcC
arcA	hisJ
arcA	hisM
arcA	hisP
arcA	hisQ
arcA	icd
arcA	lhgD
arcA	livJ
arcA	mdh
arcA	mglA
arcA	mglB
arcA	mglC
arcA	mhpA
arcA	mhpB
arcA	mhpC
arcA	mhpD
arcA	mhpE
arcA	mhpF
arcA	mreB
arcA	mreC
arcA	mreD
arcA	nepI
arcA	nfsB
arcA	patA
arcA	pepN
arcA	phnC
arcA	phnD
arcA	phnE
arcA	phnF
arcA	phnG
arcA	phnH
arcA	phnI
arcA	phnJ
arcA	phnK
arcA	phnL
arcA	phnM
arcA	phnN
arcA	phnO
arcA	phnP
arcA	potF
arcA	potG
arcA	potH
arcA	potI
arcA	putP
arcA	rbsA
arcA	rbsB
arcA	rbsC
arcA	rbsD
arcA	rbsK
arcA	rbsR
arcA	rcsB
arcA	rcsD
arcA	rimO
arcA	rutR
arcA	sdhA
arcA	sdhB
arcA	sdhC
arcA	sdhD
arcA	sdhX
arcA	sroD
arcA	sucA
arcA	sucB
arcA	sucC
arcA	sucD
arcA	talA
arcA	tesB
arcA	tktB
arcA	tpx
arcA	ubiA
arcA	ubiC
arcA	ugpA
arcA	ugpB
arcA	ugpC
arcA	ugpE
arcA	ugpQ
arcA	yafW
arcA	yafX
arcA	yhjX
arcA	ykfB
arcA	ykfF
arcA	ykfG
arcA	ykfH
arcA	ykfI
arcA	ynaI
argP	ahpC
argP	ahpF
argP	alaA
argP	allR
argP	alsA
argP	alsB
argP	alsC
argP	alsE
argP	alsR
argP	ansP
argP	arcZ
argP	aroD
argP	azuC
argP	cspC
argP	csrB
argP	csrC
argP	cvpA
argP	cyoA
argP	cyoB
argP	cyoC
argP	cyoD
argP	cyoE
argP	dapD
argP	ddlB
argP	dhaK
argP	dhaL
argP	dhaM
argP	dhaR
argP	dnaQ
argP	dsrA
argP	efp
argP	exuT
argP	feaB
argP	feaR
argP	fepC
argP	fepD
argP	fepG
argP	fhuF
argP	fimB
argP	flhC
argP	flhD
argP	focA
argP	ftsA
argP	ftsI
argP	ftsL
argP	ftsQ
argP	ftsW
argP	ftsZ
argP	galK
argP	garK
argP	garL
argP	garP
argP	garR
argP	gcvH
argP	gcvP
argP	gcvT
argP	glgA
argP	glgB
argP	glgC
argP	glgP
argP	glgX
argP	glk
argP	glnA
argP	glnG
argP	glnL
argP	glrK
argP	gltA
argP	gltB
argP	gltD
argP	gltF
argP	gnsA
argP	hybA
argP	hybB
argP	hybC
argP	hybD
argP	hybE
argP	hybF
argP	hybG
argP	hybO
argP	ihfA
argP	ilvA
argP	ilvD
argP	ilvE
argP	ilvG
argP	ilvL
argP	ilvM
argP	ilvX
argP	infC
argP	katE
argP	kbl
argP	leuA
argP	leuB
argP	leuC
argP	leuD
argP	leuL
argP	leuO
argP	lpxC
argP	lrp
argP	lysC
argP	lysP
argP	malT
argP	marA
argP	marB
argP	marR
argP	mdh
argP	mepS
argP	metE
argP	mobA
argP	mobB
argP	mraY
argP	mraZ
argP	murC
argP	murD
argP	murE
argP	murF
argP	murG
argP	narG
argP	narH
argP	narI
argP	narJ
argP	nfeF
argP	nrdA
argP	nrdB
argP	ohsC
argP	osmY
argP	pflB
argP	pheM
argP	pheS
argP	pheT
argP	pntA
argP	pntB
argP	ppc
argP	pphA
argP	purF
argP	rcsA
argP	rfaD
argP	ribB
argP	rimJ
argP	rimL
argP	rnpB
argP	rplT
argP	rpmI
argP	rpsT
argP	rraB
argP	rseX
argP	rsmH
argP	ryhB
argP	sdaA
argP	sdiA
argP	sdsN
argP	sdsR
argP	shiA
argP	speC
argP	spy
argP	sroG
argP	sroH
argP	ssuA
argP	ssuB
argP	ssuC
argP	ssuD
argP	ssuE
argP	stpA
argP	tdh
argP	thrS
argP	tolC
argP	ubiA
argP	ubiC
argP	ubiX
argP	waaC
argP	waaF
argP	waaL
argP	ybjX
argP	yecF
argP	yecR
argP	yfaE
argP	yffO
argP	yffP
argP	ygeV
argP	yggE
argP	ygiB
argP	ygiC
argP	yhdW
argP	yhdX
argP	yhdY
argP	yhdZ
argP	yhjR
argP	yibA
argP	yniB
argP	ynjF
argP	yobF
argR	argA
argR	argB
argR	argC
argR	argD
argR	argE
argR	argF
argR	argG
argR	argH
argR	argI
argR	argR
argR	aroP
argR	artI
argR	artJ
argR	artM
argR	artP
argR	artQ
argR	astA
argR	astB
argR	astC
argR	astD
argR	astE
argR	cvpA
argR	dapB
argR	dps
argR	gltB
argR	gltD
argR	gltF
argR	hchA
argR	hisA
argR	hisB
argR	hisC
argR	hisD
argR	hisF
argR	hisG
argR	hisH
argR	hisI
argR	hisL
argR	hisS
argR	hokD
argR	lrp
argR	mreB
argR	mreC
argR	mreD
argR	nei
argR	pdeL
argR	pntA
argR	pntB
argR	purF
argR	pxpA
argR	pxpB
argR	pxpC
argR	pyrD
argR	relB
argR	relE
argR	stpA
argR	ubiX
argR	ybgI
argR	yeaL
argR	yffO
argR	yffP
argR	zinT
arsR	agp
arsR	arcZ
arsR	argD
arsR	argX
arsR	aroL
arsR	aroM
arsR	arsB
arsR	arsC
arsR	arsR
arsR	bamD
arsR	bamE
arsR	bcsB
arsR	bcsZ
arsR	caiF
arsR	cbpA
arsR	cbpM
arsR	cdsA
arsR	cydA
arsR	cydB
arsR	dsbC
arsR	fau
arsR	flu
arsR	frlR
arsR	glgS
arsR	glyU
arsR	hisR
arsR	hns
arsR	ibpA
arsR	ibpB
arsR	idlP
arsR	iraD
arsR	isrC
arsR	leuT
arsR	lptD
arsR	luxS
arsR	lysP
arsR	lyxK
arsR	melR
arsR	metV
arsR	metW
arsR	metZ
arsR	mpaA
arsR	pheM
arsR	phoB
arsR	phoR
arsR	ppsA
arsR	proK
arsR	proM
arsR	pyrB
arsR	pyrI
arsR	pyrL
arsR	recJ
arsR	ribB
arsR	rplT
arsR	ryfD
arsR	serC
arsR	sgbE
arsR	sgbH
arsR	sgbU
arsR	sroG
arsR	ssrS
arsR	talB
arsR	uppS
arsR	uspB
arsR	xerD
arsR	yaiA
arsR	ybjP
arsR	ycjY
arsR	yhiM
arsR	yiaK
arsR	yiaL
arsR	yiaM
arsR	yiaN
arsR	yiaO
arsR	yjhC
arsR	ymjC
arsR	ymjD
arsR	ytiC
arsR	ytiD
ascG	amn
ascG	ascB
ascG	ascF
ascG	cytR
ascG	esrE
ascG	galP
ascG	hydN
ascG	hypF
ascG	ldrD
ascG	mglA
ascG	mglB
ascG	mglC
ascG	ppa
ascG	prpR
ascG	serX
asnC	araA
asnC	araB
asnC	araD
asnC	asnA
asnC	asnB
asnC	asnC
asnC	chaC
asnC	cspA
asnC	fpr
asnC	galR
asnC	manX
asnC	manY
asnC	manZ
asnC	metG
asnC	mioC
asnC	mlc
asnC	mnmG
asnC	ompA
asnC	rfbA
asnC	rfbC
asnC	rfbX
asnC	tdcA
asnC	tdcB
asnC	tdcC
asnC	tdcD
asnC	tdcE
asnC	tdcF
asnC	tdcG
asnC	yceI
asnC	yceJ
asnC	yfeC
asnC	yfeD
asnC	ynfK
asnC	zntA
basR	aldB
basR	ansP
basR	bglJ
basR	csgD
basR	csgE
basR	csgF
basR	csgG
basR	cspI
basR	csrB
basR	cydA
basR	cydB
basR	dhaR
basR	dnaQ
basR	emrA
basR	emrB
basR	fimB
basR	glnA
basR	glnG
basR	glnL
basR	iraM
basR	kdsC
basR	kdsD
basR	lptA
basR	lptB
basR	lptC
basR	mprA
basR	murP
basR	murQ
basR	napA
basR	napB
basR	napC
basR	napD
basR	napF
basR	napG
basR	napH
basR	narG
basR	narH
basR	narI
basR	narJ
basR	ompC
basR	ompF
basR	pspG
basR	putA
basR	shiA
basR	waaH
basR	ychF
basR	yffO
basR	yffP
basR	yjjQ
basR	yrbG
basR	yrbL
betI	betA
betI	betB
betI	betI
bolA	cspA
bolA	dhaR
bolA	glnA
bolA	glnG
bolA	glnL
bolA	glrK
bolA	ilvA
bolA	ilvD
bolA	ilvE
bolA	ryhB
bolA	yffO
bolA	yffP
cadC	alaA
cadC	ansP
cadC	aroF
cadC	cadA
cadC	cadB
cadC	csrB
cadC	cusA
cadC	cusB
cadC	cusC
cadC	cusF
cadC	cvpA
cadC	ftnB
cadC	gnd
cadC	ompT
cadC	ompW
cadC	pheA
cadC	pheL
cadC	pheV
cadC	proS
cadC	purF
cadC	rclA
cadC	rclB
cadC	rclC
cadC	sdsN
cadC	serA
cadC	symE
cadC	talB
cadC	tonB
cadC	tyrA
cadC	ubiX
cadC	yahO
cadC	yaiZ
cadC	ygeV
cadC	yggN
cbl	cysC
cbl	cysD
cbl	cysN
cbl	gdhA
cbl	moeA
cbl	moeB
cbl	nrdA
cbl	nrdB
cbl	tauA
cbl	tauB
cbl	tauC
cbl	tauD
cbl	yfaE
cbl	yfeC
cbl	yfeD
cbl	yjcS
cbpA	melA
cbpA	melB
cdaR	cspA
cdaR	fhuF
cdaR	garK
cdaR	garL
cdaR	garP
cdaR	garR
cdaR	gatA
cdaR	gatB
cdaR	gatC
cdaR	gatD
cdaR	gatY
cdaR	gatZ
cdaR	ilvA
cdaR	ilvD
cdaR	ilvE
cdaR	pheA
cdaR	pheL
cdaR	pth
cdaR	rnpB
cdaR	ychF
chbR	chbA
chbR	chbB
chbR	chbC
chbR	chbF
chbR	chbG
chbR	chbR
cpxR	arcA
cpxR	aroP
cpxR	atpA
cpxR	atpB
cpxR	atpC
cpxR	atpD
cpxR	atpE
cpxR	atpF
cpxR	atpG
cpxR	atpH
cpxR	atpI
cpxR	cpxA
cpxR	cpxR
cpxR	degP
cpxR	dmsD
cpxR	fimE
cpxR	fiu
cpxR	galP
cpxR	hyaA
cpxR	hyaB
cpxR	hyaC
cpxR	hyaD
cpxR	hyaE
cpxR	hyaF
cpxR	metG
cpxR	ompC
cpxR	ompF
cpxR	pdeF
cpxR	pheA
cpxR	pheL
cpxR	pitA
cpxR	ppiA
cpxR	rcsB
cpxR	rcsD
cpxR	rpoE
cpxR	rseA
cpxR	rseB
cpxR	rseC
cpxR	rseD
cpxR	tsr
cpxR	yceI
cpxR	yceJ
cpxR	ychH
cpxR	ynfE
cpxR	ynfF
cpxR	ynfG
cpxR	ynfH
croE	amtB
croE	araJ
croE	atpA
croE	atpB
croE	atpC
croE	atpD
croE	atpE
croE	atpF
croE	atpG
croE	atpH
croE	atpI
croE	cca
croE	dctA
croE	galR
croE	glnK
croE	tyrB
croE	yafD
croE	yafE
croE	ygiM
croE	yhjX
crp	cspA
crp	dhaR
crp	glrK
crp	mtlA
crp	mtlD
crp	mtlR
crp	ppiA
csgD	accB
csgD	accC
csgD	aceE
csgD	aceF
csgD	ada
csgD	adhE
csgD	agaR
csgD	agp
csgD	agrA
csgD	ahpC
csgD	ahpF
csgD	alaA
csgD	aldB
csgD	alkB
csgD	amiA
csgD	ampD
csgD	ampE
csgD	ansP
csgD	appY
csgD	araE
csgD	araF
csgD	araG
csgD	araH
csgD	arcA
csgD	arcZ
csgD	argI
csgD	argQ
csgD	argU
csgD	argV
csgD	argY
csgD	argZ
csgD	aroF
csgD	aspC
csgD	aspS
csgD	asr
csgD	atpA
csgD	atpB
csgD	atpC
csgD	atpD
csgD	atpE
csgD	atpF
csgD	atpG
csgD	atpH
csgD	atpI
csgD	bluF
csgD	cadA
csgD	cadB
csgD	cadC
csgD	can
csgD	cbpA
csgD	cbpM
csgD	chaC
csgD	chiA
csgD	cpdB
csgD	csgA
csgD	csgB
csgD	csgC
csgD	csiE
csgD	cspA
csgD	cutA
csgD	cysB
csgD	cysC
csgD	cysD
csgD	cysN
csgD	dapB
csgD	dcd
csgD	dctR
csgD	dcuB
csgD	dcuR
csgD	dcuS
csgD	def
csgD	dgcT
csgD	dgkA
csgD	dhaR
csgD	dicB
csgD	dmsA
csgD	dmsB
csgD	dmsC
csgD	dmsD
csgD	dppA
csgD	dppB
csgD	dppC
csgD	dppD
csgD	dppF
csgD	dsbA
csgD	envZ
csgD	essD
csgD	exuT
csgD	fadA
csgD	fadB
csgD	fadE
csgD	fdnG
csgD	fdnH
csgD	fdnI
csgD	fecI
csgD	fecR
csgD	fhuF
csgD	fimB
csgD	fimE
csgD	fiu
csgD	fkpB
csgD	flhC
csgD	flhD
csgD	fliE
csgD	fliF
csgD	fliG
csgD	fliH
csgD	fliI
csgD	fliJ
csgD	fliK
csgD	flu
csgD	fmt
csgD	focA
csgD	frc
csgD	frdA
csgD	frdB
csgD	frdC
csgD	frdD
csgD	ftnB
csgD	fumA
csgD	fumB
csgD	fumC
csgD	fusA
csgD	gadW
csgD	gadX
csgD	gadY
csgD	galU
csgD	gapA
csgD	gcvB
csgD	glgS
csgD	glmY
csgD	glnA
csgD	glnG
csgD	glnL
csgD	glpF
csgD	glpK
csgD	glpX
csgD	gltB
csgD	gltD
csgD	gltF
csgD	gltT
csgD	gltU
csgD	glyQ
csgD	glyS
csgD	glyU
csgD	glyV
csgD	glyX
csgD	glyY
csgD	grxD
csgD	gspA
csgD	gspB
csgD	gyrA
csgD	hcaB
csgD	hcaC
csgD	hcaD
csgD	hcaE
csgD	hcaF
csgD	hchA
csgD	hcp
csgD	hcr
csgD	hdeD
csgD	hdfR
csgD	hemA
csgD	hemF
csgD	hemL
csgD	hicA
csgD	hicB
csgD	hns
csgD	hokD
csgD	hyaA
csgD	hyaB
csgD	hyaC
csgD	hyaD
csgD	hyaE
csgD	hyaF
csgD	idlP
csgD	ihfA
csgD	ileS
csgD	inaA
csgD	infC
csgD	insD-7
csgD	intQ
csgD	iraD
csgD	iraM
csgD	ispH
csgD	isrC
csgD	katG
csgD	kbl
csgD	kbp
csgD	lacA
csgD	lacY
csgD	lacZ
csgD	ldcC
csgD	lepA
csgD	lepB
csgD	lldD
csgD	lldP
csgD	lldR
csgD	lpd
csgD	lpp
csgD	lptD
csgD	lspA
csgD	luxS
csgD	lysT
csgD	lysW
csgD	malS
csgD	mdh
csgD	mdtE
csgD	mdtF
csgD	metA
csgD	metF
csgD	metG
csgD	metH
csgD	metV
csgD	metW
csgD	metZ
csgD	micF
csgD	mntH
csgD	modA
csgD	modB
csgD	modC
csgD	mreB
csgD	mreC
csgD	mreD
csgD	msrA
csgD	mtlA
csgD	mtlD
csgD	mtlR
csgD	mutM
csgD	narG
csgD	narH
csgD	narI
csgD	narJ
csgD	narP
csgD	narU
csgD	nei
csgD	nfsA
csgD	nfuA
csgD	nhaA
csgD	nhaR
csgD	nikA
csgD	nikB
csgD	nikC
csgD	nikD
csgD	nikE
csgD	nikR
csgD	nlpA
csgD	nrdR
csgD	nth
csgD	nupC
csgD	nusB
csgD	nusG
csgD	ompC
csgD	ompF
csgD	ompR
csgD	ompW
csgD	oppA
csgD	oppB
csgD	oppC
csgD	oppD
csgD	oppF
csgD	osmB
csgD	oxc
csgD	panB
csgD	panC
csgD	panD
csgD	patD
csgD	pdeF
csgD	pdhR
csgD	pdxA
csgD	pfkB
csgD	pflB
csgD	pgi
csgD	pgpA
csgD	pheA
csgD	pheL
csgD	pheM
csgD	pheS
csgD	pheT
csgD	phoB
csgD	phoE
csgD	phoR
csgD	phr
csgD	pitA
csgD	plsB
csgD	pphA
csgD	ppiA
csgD	prfA
csgD	prmC
csgD	proK
csgD	psiE
csgD	pth
csgD	purA
csgD	purT
csgD	pxpA
csgD	pxpB
csgD	pxpC
csgD	pykF
csgD	pyrE
csgD	qseB
csgD	qseC
csgD	rclA
csgD	rclB
csgD	rclC
csgD	rcsB
csgD	recG
csgD	relB
csgD	relE
csgD	rep
csgD	rfbA
csgD	rfbC
csgD	rfbX
csgD	ribB
csgD	ribD
csgD	ribE
csgD	ribF
csgD	rimK
csgD	rnlA
csgD	rnlB
csgD	rph
csgD	rplT
csgD	rpmI
csgD	rpoE
csgD	rpoZ
csgD	rpsG
csgD	rpsL
csgD	rrfB
csgD	rrfC
csgD	rrlB
csgD	rrlC
csgD	rrrD
csgD	rrsB
csgD	rrsC
csgD	rseA
csgD	rseB
csgD	rseC
csgD	rseD
csgD	rseX
csgD	rssA
csgD	rssB
csgD	rstA
csgD	rstB
csgD	rsxA
csgD	rsxB
csgD	rsxC
csgD	rsxD
csgD	rsxE
csgD	rsxG
csgD	rydC
csgD	ryeA
csgD	ryhB
csgD	rzpD
csgD	sdaA
csgD	sdsR
csgD	secE
csgD	serV
csgD	slp
csgD	spoT
csgD	spy
csgD	sroA
csgD	sroG
csgD	ssuA
csgD	ssuB
csgD	ssuC
csgD	ssuD
csgD	ssuE
csgD	sthA
csgD	sufA
csgD	sufB
csgD	sufC
csgD	sufD
csgD	sufE
csgD	sufS
csgD	surA
csgD	talA
csgD	tdh
csgD	tehA
csgD	tehB
csgD	thiL
csgD	thrS
csgD	thrW
csgD	tktB
csgD	tpiA
csgD	tpr
csgD	tqsA
csgD	treA
csgD	trmA
csgD	trmH
csgD	trpR
csgD	trxA
csgD	tufA
csgD	tyrA
csgD	tyrT
csgD	tyrV
csgD	ung
csgD	uspB
csgD	uspG
csgD	valT
csgD	waaH
csgD	xapA
csgD	xapB
csgD	xapR
csgD	yadC
csgD	yahO
csgD	ybgA
csgD	ybgI
csgD	ybjC
csgD	ybjN
csgD	ybjP
csgD	yccT
csgD	ycgR
csgD	ychF
csgD	ydcI
csgD	ydcS
csgD	ydcT
csgD	ydcU
csgD	ydcV
csgD	ydeJ
csgD	ydeP
csgD	ydeQ
csgD	ydfD
csgD	ydfE
csgD	ydgK
csgD	ydhT
csgD	ydhU
csgD	ydhV
csgD	ydhW
csgD	ydhX
csgD	ydhY
csgD	ydjM
csgD	yeaL
csgD	yecR
csgD	yejG
csgD	yfcE
csgD	yfdE
csgD	yfdV
csgD	yfdX
csgD	yfeC
csgD	yfeD
csgD	yffO
csgD	yffP
csgD	ygeA
csgD	yggE
csgD	yhhY
csgD	yhiM
csgD	yhjR
csgD	yiaG
csgD	yibA
csgD	yicI
csgD	yicJ
csgD	yjcS
csgD	yjfC
csgD	yjfK
csgD	yjfL
csgD	yjfM
csgD	yjhC
csgD	ynaI
csgD	ynfE
csgD	ynfF
csgD	ynfG
csgD	ynfH
csgD	yniB
csgD	yqaE
csgD	yrdA
csgD	ytfE
csgD	ytfJ
csgD	ytfK
csgD	ytiC
csgD	ytiD
csgD	zinT
csgD	zwf
csiR	aceE
csiR	aceF
csiR	adhE
csiR	alaA
csiR	alaE
csiR	amiA
csiR	ansB
csiR	ansP
csiR	appY
csiR	arcZ
csiR	argQ
csiR	argV
csiR	argY
csiR	argZ
csiR	ariR
csiR	aroF
csiR	arrS
csiR	azoR
csiR	baeR
csiR	baeS
csiR	bglJ
csiR	bluF
csiR	bssS
csiR	cas1
csiR	cas2
csiR	casD
csiR	casE
csiR	cbpA
csiR	cbpM
csiR	cdh
csiR	cfa
csiR	chaC
csiR	cobS
csiR	cobT
csiR	cobU
csiR	copA
csiR	csiE
csiR	cspE
csiR	cyaR
csiR	cyoA
csiR	cyoB
csiR	cyoC
csiR	cyoD
csiR	cyoE
csiR	cysA
csiR	cysH
csiR	cysI
csiR	cysJ
csiR	cysK
csiR	cysM
csiR	cysP
csiR	cysS
csiR	cysU
csiR	cysW
csiR	dctR
csiR	dcuR
csiR	dcuS
csiR	def
csiR	deoB
csiR	deoD
csiR	dgcT
csiR	dicB
csiR	dps
csiR	dtpA
csiR	essD
csiR	evgA
csiR	evgS
csiR	fhuE
csiR	fhuF
csiR	fimE
csiR	fmt
csiR	fnr
csiR	ftnB
csiR	fumA
csiR	fumC
csiR	gabD
csiR	gabP
csiR	gabT
csiR	gadA
csiR	gadB
csiR	gadC
csiR	gadW
csiR	gadX
csiR	gatA
csiR	gatB
csiR	gatC
csiR	gatD
csiR	gatY
csiR	gatZ
csiR	gcvA
csiR	gcvH
csiR	gcvP
csiR	gcvT
csiR	glaH
csiR	gltA
csiR	glyT
csiR	glyV
csiR	glyX
csiR	glyY
csiR	gnd
csiR	gnsA
csiR	guaA
csiR	guaB
csiR	hdeD
csiR	hemF
csiR	hemL
csiR	hisA
csiR	hisB
csiR	hisC
csiR	hisD
csiR	hisF
csiR	hisG
csiR	hisH
csiR	hisI
csiR	hisL
csiR	htrE
csiR	ilvB
csiR	ilvN
csiR	inaA
csiR	infB
csiR	insD-7
csiR	intQ
csiR	iraM
csiR	ivbL
csiR	lacA
csiR	lacY
csiR	lacZ
csiR	lhgD
csiR	livF
csiR	livG
csiR	livH
csiR	livK
csiR	livM
csiR	lpd
csiR	mdh
csiR	mdtA
csiR	mdtB
csiR	mdtC
csiR	mdtD
csiR	metG
csiR	mgrR
csiR	micF
csiR	mntH
csiR	nac
csiR	nhaA
csiR	nhaR
csiR	nlpA
csiR	nth
csiR	nusA
csiR	ompA
csiR	opgG
csiR	opgH
csiR	pagP
csiR	pdeF
csiR	pdhR
csiR	pgaA
csiR	pgaB
csiR	pgaC
csiR	pgaD
csiR	pheA
csiR	pheL
csiR	pitB
csiR	pphA
csiR	ppiA
csiR	preA
csiR	preT
csiR	priB
csiR	pyrB
csiR	pyrD
csiR	pyrI
csiR	pyrL
csiR	qseB
csiR	qseC
csiR	rclA
csiR	rclB
csiR	rclC
csiR	rfaD
csiR	rfbA
csiR	rfbC
csiR	rfbX
csiR	rimL
csiR	rlmL
csiR	rplI
csiR	rpoS
csiR	rpsF
csiR	rpsR
csiR	rraB
csiR	rrrD
csiR	rsxA
csiR	rsxB
csiR	rsxC
csiR	rsxD
csiR	rsxE
csiR	rsxG
csiR	ryhB
csiR	rzpD
csiR	sdaA
csiR	sdsR
csiR	serV
csiR	serX
csiR	shiA
csiR	slp
csiR	slyB
csiR	ssrA
csiR	ssuA
csiR	ssuB
csiR	ssuC
csiR	ssuD
csiR	ssuE
csiR	sthA
csiR	symE
csiR	talA
csiR	thrT
csiR	thrU
csiR	tktB
csiR	tnaA
csiR	tnaB
csiR	tnaC
csiR	tufB
csiR	tyrA
csiR	tyrU
csiR	ubiA
csiR	ubiC
csiR	uspB
csiR	uup
csiR	uxaB
csiR	waaC
csiR	waaF
csiR	waaL
csiR	yadV
csiR	yccT
csiR	ycgR
csiR	ycgZ
csiR	ydcI
csiR	ydfD
csiR	ydfE
csiR	ydgK
csiR	ydhQ
csiR	yeaG
csiR	yeaH
csiR	yejG
csiR	yffO
csiR	yffP
csiR	ygeV
csiR	yjjQ
csiR	ymgA
csiR	ymgC
csiR	ynaI
cueR	acpP
cueR	araE
cueR	copA
cueR	cspA
cueR	cueO
cueR	cydA
cueR	cydB
cueR	dgcC
cueR	dinG
cueR	eno
cueR	fabF
cueR	galR
cueR	gltB
cueR	gltD
cueR	gltF
cueR	grcA
cueR	hipA
cueR	hipB
cueR	ldrD
cueR	lnt
cueR	metG
cueR	nfsB
cueR	nsrR
cueR	pdeL
cueR	rlmB
cueR	rnr
cueR	talB
cueR	treA
cueR	tsaB
cueR	yafD
cueR	yafE
cueR	ybeX
cueR	ybeY
cueR	ybeZ
cueR	ybiB
cueR	ybjX
cueR	yeaY
cueR	yfeC
cueR	yfeD
cueR	ygeA
cueR	yjfI
cueR	ytfK
cusR	cspA
cysB	ackA
cysB	acnA
cysB	acnB
cysB	acrD
cysB	adiY
cysB	alkA
cysB	ansP
cysB	appY
cysB	araC
cysB	araE
cysB	araJ
cysB	argG
cysB	argR
cysB	argW
cysB	aroF
cysB	asnT
cysB	aspA
cysB	aspS
cysB	astA
cysB	astB
cysB	astC
cysB	astD
cysB	astE
cysB	atpA
cysB	atpB
cysB	atpC
cysB	atpD
cysB	atpE
cysB	atpF
cysB	atpG
cysB	atpH
cysB	atpI
cysB	azoR
cysB	bacA
cysB	bcsB
cysB	bcsZ
cysB	bglX
cysB	bluF
cysB	cbl
cysB	cdh
cysB	chaC
cysB	chpB
cysB	chpS
cysB	clpS
cysB	cmoM
cysB	cpxA
cysB	cpxP
cysB	cpxQ
cysB	cpxR
cysB	creA
cysB	creB
cysB	creC
cysB	cspC
cysB	csrB
cysB	csrC
cysB	cyaA
cysB	cyaR
cysB	cyoA
cysB	cyoB
cysB	cyoC
cysB	cyoD
cysB	cyoE
cysB	cysA
cysB	cysB
cysB	cysC
cysB	cysD
cysB	cysK
cysB	cysM
cysB	cysN
cysB	cysP
cysB	cysS
cysB	cysU
cysB	cysW
cysB	dacC
cysB	dcd
cysB	dcuA
cysB	dcuR
cysB	dcuS
cysB	ddpA
cysB	ddpB
cysB	ddpC
cysB	ddpD
cysB	ddpF
cysB	ddpX
cysB	def
cysB	dgcC
cysB	dgcT
cysB	dgt
cysB	dhaR
cysB	dinB
cysB	dmsA
cysB	dmsB
cysB	dmsC
cysB	dmsD
cysB	dsbC
cysB	dsrA
cysB	dtpA
cysB	ebgA
cysB	ebgC
cysB	efp
cysB	fabA
cysB	fabI
cysB	fadA
cysB	fadB
cysB	fecI
cysB	fecR
cysB	fhuE
cysB	fkpB
cysB	flhC
cysB	flhD
cysB	fliA
cysB	fliZ
cysB	fmt
cysB	frdA
cysB	frdB
cysB	frdC
cysB	frdD
cysB	frr
cysB	ftnB
cysB	gabD
cysB	gabP
cysB	gabT
cysB	galS
cysB	garK
cysB	garL
cysB	garP
cysB	garR
cysB	gdhA
cysB	glaH
cysB	glgS
cysB	glk
cysB	glmZ
cysB	glnS
cysB	gloA
cysB	gltA
cysB	gltU
cysB	gltV
cysB	glyQ
cysB	glyS
cysB	glyU
cysB	gnd
cysB	gntR
cysB	gpmA
cysB	grxD
cysB	gspA
cysB	gspB
cysB	gutM
cysB	gutQ
cysB	gyrA
cysB	hchA
cysB	hcp
cysB	hcr
cysB	hemA
cysB	hemF
cysB	hisA
cysB	hisB
cysB	hisC
cysB	hisD
cysB	hisF
cysB	hisG
cysB	hisH
cysB	hisI
cysB	hisL
cysB	hisS
cysB	hns
cysB	htpX
cysB	hupB
cysB	icd
cysB	ihfA
cysB	ileS
cysB	inaA
cysB	infB
cysB	infC
cysB	iraM
cysB	ispE
cysB	ispH
cysB	istR
cysB	katG
cysB	ldcC
cysB	ldrD
cysB	lepA
cysB	lepB
cysB	lhgD
cysB	lldD
cysB	lldP
cysB	lldR
cysB	lolB
cysB	lpp
cysB	lrhA
cysB	lspA
cysB	lysA
cysB	lysP
cysB	lysR
cysB	malS
cysB	malT
cysB	mazE
cysB	mazF
cysB	mdh
cysB	menB
cysB	menC
cysB	menD
cysB	menE
cysB	menH
cysB	mepS
cysB	metA
cysB	metG
cysB	metV
cysB	metW
cysB	metZ
cysB	mfd
cysB	mglA
cysB	mglB
cysB	mglC
cysB	mgrB
cysB	mgtA
cysB	mgtL
cysB	mlaA
cysB	mngA
cysB	mngB
cysB	moaA
cysB	moaB
cysB	moaC
cysB	moaD
cysB	moaE
cysB	mobA
cysB	mobB
cysB	moeA
cysB	moeB
cysB	mrcA
cysB	mukB
cysB	mukE
cysB	mukF
cysB	nanA
cysB	nanE
cysB	nanK
cysB	nanT
cysB	narU
cysB	ndh
cysB	nemA
cysB	nemR
cysB	nfo
cysB	nfsA
cysB	nlpA
cysB	nrdA
cysB	nrdB
cysB	nrdR
cysB	nusA
cysB	nusB
cysB	ohsC
cysB	ompA
cysB	ompF
cysB	ompT
cysB	ompW
cysB	ompX
cysB	opgG
cysB	opgH
cysB	oppA
cysB	oppB
cysB	oppC
cysB	oppD
cysB	oppF
cysB	osmB
cysB	osmC
cysB	pck
cysB	pdeF
cysB	pdeL
cysB	pdeR
cysB	pepA
cysB	pepN
cysB	pfkB
cysB	pgaA
cysB	pgaB
cysB	pgaC
cysB	pgaD
cysB	pgpA
cysB	pheM
cysB	pheS
cysB	pheT
cysB	phoA
cysB	phoB
cysB	phoR
cysB	pitA
cysB	pitB
cysB	pntA
cysB	pntB
cysB	polA
cysB	potF
cysB	potG
cysB	potH
cysB	potI
cysB	pphA
cysB	ppiA
cysB	preA
cysB	preT
cysB	proK
cysB	prs
cysB	psiF
cysB	purT
cysB	putP
cysB	pykF
cysB	qseB
cysB	qseC
cysB	rbsA
cysB	rbsB
cysB	rbsC
cysB	rbsD
cysB	rbsK
cysB	rbsR
cysB	recJ
cysB	relA
cysB	ribD
cysB	ribE
cysB	ribF
cysB	rimJ
cysB	rimK
cysB	rne
cysB	rnpA
cysB	rnpB
cysB	rplT
cysB	rpmH
cysB	rpmI
cysB	rpsB
cysB	rrfC
cysB	rrfE
cysB	rrlC
cysB	rrlE
cysB	rrsC
cysB	rrsE
cysB	rseX
cysB	rydC
cysB	sdsR
cysB	serX
cysB	shiA
cysB	speD
cysB	speE
cysB	srlA
cysB	srlB
cysB	srlD
cysB	srlE
cysB	srlR
cysB	ssuA
cysB	ssuB
cysB	ssuC
cysB	ssuD
cysB	ssuE
cysB	sthA
cysB	symR
cysB	tatA
cysB	tatB
cysB	tatC
cysB	tatD
cysB	tauA
cysB	tauB
cysB	tauC
cysB	tauD
cysB	tcyJ
cysB	tcyP
cysB	tehA
cysB	tehB
cysB	tff
cysB	thiL
cysB	thrS
cysB	tonB
cysB	torA
cysB	torC
cysB	torD
cysB	tpiA
cysB	trmA
cysB	trpA
cysB	trpB
cysB	trpC
cysB	trpD
cysB	trpE
cysB	trpL
cysB	tsf
cysB	tyrA
cysB	ubiA
cysB	ubiC
cysB	ubiG
cysB	uspG
cysB	uxaB
cysB	uxuA
cysB	uxuB
cysB	valV
cysB	valW
cysB	xapA
cysB	xapB
cysB	xerD
cysB	yacC
cysB	yacG
cysB	yafD
cysB	yafE
cysB	yafN
cysB	yafO
cysB	yafP
cysB	yafV
cysB	yahE
cysB	yahO
cysB	ybaQ
cysB	ybjC
cysB	ybjN
cysB	ybjP
cysB	ychO
cysB	yciT
cysB	yciZ
cysB	ydbD
cysB	ydeA
cysB	ydeJ
cysB	ydiU
cysB	yeaG
cysB	yeaH
cysB	yeaL
cysB	yejG
cysB	yfaE
cysB	yfcE
cysB	yfeC
cysB	yfeD
cysB	yfeX
cysB	yfeY
cysB	yffO
cysB	yffP
cysB	yfhL
cysB	ygeA
cysB	yggN
cysB	yghF
cysB	yhcH
cysB	yhdW
cysB	yhdX
cysB	yhdY
cysB	yhdZ
cysB	yhjJ
cysB	yhjX
cysB	yjcS
cysB	ymiC
cysB	ynfE
cysB	ynfF
cysB	ynfG
cysB	ynfH
cysB	yniB
cysB	ynjH
cysB	yobF
cysB	ytfK
cysB	yzfA
cysB	znuA
cytR	ppiA
dctR	dps
dctR	osmF
dctR	pcm
dctR	rpoD
dctR	umpG
dctR	yehW
dctR	yehX
dctR	yehY
dctR	yhiM
deoR	accB
deoR	accC
deoR	aceE
deoR	aceF
deoR	araA
deoR	araB
deoR	araC
deoR	araD
deoR	ariR
deoR	azuC
deoR	borD
deoR	clpP
deoR	clpX
deoR	cstA
deoR	cyaA
deoR	ddlB
deoR	deoA
deoR	deoB
deoR	deoC
deoR	deoD
deoR	dicB
deoR	fabA
deoR	ftsA
deoR	ftsI
deoR	ftsL
deoR	ftsQ
deoR	ftsW
deoR	ftsZ
deoR	galP
deoR	galS
deoR	glnA
deoR	glnG
deoR	glnL
deoR	glpD
deoR	glpE
deoR	glpG
deoR	glpR
deoR	glyQ
deoR	glyS
deoR	gnsA
deoR	gntP
deoR	hemW
deoR	insD-7
deoR	intQ
deoR	lpd
deoR	lpxC
deoR	marC
deoR	mglA
deoR	mglB
deoR	mglC
deoR	mgrR
deoR	mntH
deoR	mraY
deoR	mraZ
deoR	mreB
deoR	mreC
deoR	mreD
deoR	mtlA
deoR	mtlD
deoR	mtlR
deoR	murC
deoR	murD
deoR	murE
deoR	murF
deoR	murG
deoR	nepI
deoR	nupG
deoR	pdhR
deoR	pgsA
deoR	phoU
deoR	pstA
deoR	pstB
deoR	pstC
deoR	pstS
deoR	putA
deoR	rcsB
deoR	rcsD
deoR	rdgB
deoR	rpoS
deoR	rsmH
deoR	sohB
deoR	tsx
deoR	ugpA
deoR	ugpB
deoR	ugpC
deoR	ugpE
deoR	ugpQ
deoR	ung
deoR	yadC
deoR	ycgZ
deoR	ydfD
deoR	ydfE
deoR	ygbK
deoR	ygeV
deoR	yjhC
deoR	ymgA
deoR	ymgC
deoR	ysgA
dgsA	crr
dgsA	malT
dgsA	manX
dgsA	manY
dgsA	manZ
dgsA	mlc
dgsA	ptsG
dgsA	ptsH
dgsA	ptsI
dgsA	ynfK
dhaR	dhaR
dicA	dicB
dicA	insD-7
dicA	intQ
dicA	tdcA
dicA	tdcB
dicA	tdcC
dicA	tdcD
dicA	tdcE
dicA	tdcF
dicA	tdcG
dicA	ydfD
dicA	ydfE
dicC	adhE
dicC	agaR
dicC	alaA
dicC	aldB
dicC	allR
dicC	apaG
dicC	apaH
dicC	araA
dicC	araB
dicC	araD
dicC	araF
dicC	araG
dicC	araH
dicC	arcA
dicC	argQ
dicC	argU
dicC	argV
dicC	argY
dicC	argZ
dicC	ariR
dicC	azoR
dicC	bacA
dicC	bglJ
dicC	borD
dicC	btuE
dicC	ccp
dicC	cfa
dicC	chaC
dicC	chiX
dicC	cho
dicC	clsC
dicC	cpdB
dicC	cpxA
dicC	cpxR
dicC	csiE
dicC	cysB
dicC	cysC
dicC	cysD
dicC	cysH
dicC	cysI
dicC	cysJ
dicC	cysN
dicC	dctA
dicC	dctR
dicC	ddpA
dicC	ddpB
dicC	ddpC
dicC	ddpD
dicC	ddpF
dicC	ddpX
dicC	deaD
dicC	dgcT
dicC	dicB
dicC	dps
dicC	eno
dicC	envZ
dicC	epd
dicC	fabB
dicC	fabZ
dicC	fbaA
dicC	fbaB
dicC	fdnG
dicC	fdnH
dicC	fdnI
dicC	fdx
dicC	fhuE
dicC	fimB
dicC	fiu
dicC	fliA
dicC	fliZ
dicC	folX
dicC	ftsK
dicC	fusA
dicC	gadB
dicC	gadC
dicC	galF
dicC	galP
dicC	galU
dicC	garK
dicC	garL
dicC	garP
dicC	garR
dicC	gatA
dicC	gatB
dicC	gatC
dicC	gatD
dicC	gatY
dicC	gatZ
dicC	gcvA
dicC	gcvB
dicC	gdhA
dicC	glnA
dicC	glnG
dicC	glnL
dicC	glpD
dicC	gltA
dicC	gltI
dicC	gltJ
dicC	gltK
dicC	gltL
dicC	gltU
dicC	glyQ
dicC	glyS
dicC	gnd
dicC	gnsA
dicC	groL
dicC	groS
dicC	hisA
dicC	hisB
dicC	hisC
dicC	hisD
dicC	hisF
dicC	hisG
dicC	hisH
dicC	hisI
dicC	hisL
dicC	hokD
dicC	hscA
dicC	hscB
dicC	hslO
dicC	hslR
dicC	htrE
dicC	ibpB
dicC	idlP
dicC	insD-7
dicC	intQ
dicC	iraD
dicC	iscX
dicC	katE
dicC	kbl
dicC	leuE
dicC	leuU
dicC	lpxA
dicC	lpxD
dicC	luxS
dicC	lysU
dicC	malS
dicC	mdh
dicC	metG
dicC	mgrB
dicC	mgrR
dicC	mntH
dicC	mntS
dicC	modA
dicC	modB
dicC	modC
dicC	mtlA
dicC	mtlD
dicC	mtlR
dicC	nanC
dicC	nanM
dicC	nanS
dicC	narP
dicC	narU
dicC	ndh
dicC	nfsA
dicC	nrdA
dicC	nrdB
dicC	ohsC
dicC	ompF
dicC	ompR
dicC	ompT
dicC	ompW
dicC	osmE
dicC	pdxA
dicC	pepA
dicC	pgaA
dicC	pgaB
dicC	pgaC
dicC	pgaD
dicC	pgk
dicC	phoA
dicC	potF
dicC	potG
dicC	potH
dicC	potI
dicC	ppiA
dicC	preA
dicC	preT
dicC	psiF
dicC	ptsG
dicC	purT
dicC	pyrC
dicC	qseB
dicC	qseC
dicC	rclA
dicC	rclB
dicC	rclC
dicC	rcsA
dicC	relB
dicC	relE
dicC	rfbA
dicC	rfbC
dicC	rfbX
dicC	rho
dicC	rhoL
dicC	ribB
dicC	rimK
dicC	rnpB
dicC	rpoD
dicC	rpoH
dicC	rpsG
dicC	rpsL
dicC	rrfA
dicC	rrfB
dicC	rrfC
dicC	rrfE
dicC	rrfH
dicC	rrlA
dicC	rrlB
dicC	rrlC
dicC	rrlE
dicC	rrlH
dicC	rrsC
dicC	rsmA
dicC	rybA
dicC	ryhB
dicC	sdaA
dicC	secG
dicC	selD
dicC	serV
dicC	shiA
dicC	skp
dicC	slp
dicC	slyB
dicC	sra
dicC	sraB
dicC	sroC
dicC	sroG
dicC	ssb
dicC	surA
dicC	tcyJ
dicC	tdcA
dicC	tdcB
dicC	tdcC
dicC	tdcD
dicC	tdcE
dicC	tdcF
dicC	tdcG
dicC	tdh
dicC	tolC
dicC	topB
dicC	tpx
dicC	trpR
dicC	tufA
dicC	xapA
dicC	xapB
dicC	yacG
dicC	yadV
dicC	yafD
dicC	yafE
dicC	yajO
dicC	ybjC
dicC	ybjN
dicC	yccT
dicC	ycgZ
dicC	ydbD
dicC	ydeA
dicC	ydeJ
dicC	ydeP
dicC	ydfD
dicC	ydfE
dicC	ydhT
dicC	ydhU
dicC	ydhV
dicC	ydhW
dicC	ydhX
dicC	ydhY
dicC	ydjA
dicC	yeaL
dicC	yfaE
dicC	yfcH
dicC	yfeC
dicC	yfeD
dicC	ygeV
dicC	yggE
dicC	yggN
dicC	yghU
dicC	ygiB
dicC	ygiC
dicC	yhjR
dicC	yidL
dicC	yidQ
dicC	yjhC
dicC	yjiA
dicC	yjiX
dicC	yjjQ
dicC	ymdA
dicC	ymdB
dicC	ymgA
dicC	ymgC
dicC	ynaI
dicC	ynjH
dicC	yrbN
dicC	ytiC
dicC	ytiD
dicC	zinT
dnaA	amiB
dnaA	dhaR
dnaA	glnA
dnaA	glnG
dnaA	glnL
dnaA	gltV
dnaA	hflC
dnaA	hflK
dnaA	hflX
dnaA	hfq
dnaA	miaA
dnaA	mutL
dnaA	nnr
dnaA	nrdA
dnaA	nrdB
dnaA	polA
dnaA	rrfE
dnaA	rrlE
dnaA	rrsE
dnaA	tsaE
dnaA	yfaE
dnaA	yihG
dnaA	yjeV
ebgR	ebgA
ebgR	ebgC
envY	adiA
envY	agp
envY	aspV
envY	dctR
envY	ddpA
envY	ddpB
envY	ddpC
envY	ddpD
envY	ddpF
envY	ddpX
envY	dps
envY	gltW
envY	rrfG
envY	rrlG
envY	rrsG
envY	slp
envY	tolC
envY	tpiA
envY	ybaQ
envY	ygiB
envY	ygiC
envY	zntA
exuR	aceE
exuR	aceF
exuR	argF
exuR	carA
exuR	carB
exuR	dcd
exuR	dgcP
exuR	exuR
exuR	fecI
exuR	fecR
exuR	ftsH
exuR	galR
exuR	glcC
exuR	glpF
exuR	glpK
exuR	glpX
exuR	gnsA
exuR	lldD
exuR	lldP
exuR	lldR
exuR	lpd
exuR	narV
exuR	narW
exuR	pdhR
exuR	proK
exuR	rclA
exuR	rclB
exuR	rclC
exuR	rlmE
exuR	rprA
exuR	rpsB
exuR	sdiA
exuR	tehA
exuR	tehB
exuR	tff
exuR	trxA
exuR	tsf
exuR	udp
exuR	uvrD
exuR	uxaA
exuR	uxaB
exuR	uxaC
exuR	uxuA
exuR	uxuB
exuR	ykgR
fabR	fabA
fabR	fabB
fadR	borD
fadR	fadA
fadR	fadB
fadR	fadD
fadR	fadI
fadR	fadJ
fadR	fadL
fadR	hisA
fadR	hisB
fadR	hisC
fadR	hisD
fadR	hisF
fadR	hisG
fadR	hisH
fadR	hisI
fadR	hisL
fadR	kdpA
fadR	kdpB
fadR	kdpC
fadR	kdpF
fadR	ryeA
fadR	sroD
fis	alaT
fis	alaV
fis	aldB
fis	aroB
fis	aroK
fis	bluF
fis	bssS
fis	btsT
fis	cho
fis	crr
fis	cspC
fis	cysC
fis	cysD
fis	cysG
fis	cysK
fis	cysN
fis	dam
fis	damX
fis	dcuC
fis	dppA
fis	dppB
fis	dppC
fis	dppD
fis	dppF
fis	dsdA
fis	dsdX
fis	dusB
fis	endA
fis	fbaB
fis	feaB
fis	fis
fis	fiu
fis	fusA
fis	glmS
fis	glmU
fis	gltT
fis	gltU
fis	gltW
fis	gltX
fis	glyT
fis	glyU
fis	glyV
fis	glyX
fis	glyY
fis	gph
fis	hupA
fis	hybA
fis	hybB
fis	hybC
fis	hybD
fis	hybE
fis	hybF
fis	hybG
fis	hybO
fis	ileT
fis	ileV
fis	leuU
fis	lipB
fis	livF
fis	livG
fis	livH
fis	livK
fis	livM
fis	lon
fis	lsrA
fis	lsrB
fis	lsrC
fis	lsrD
fis	lsrF
fis	lsrG
fis	lsrK
fis	lsrR
fis	lysA
fis	mepS
fis	metB
fis	metE
fis	metG
fis	metJ
fis	metL
fis	metV
fis	metW
fis	metZ
fis	ndh
fis	nirB
fis	nirC
fis	nirD
fis	nrdA
fis	nrdB
fis	nuoA
fis	nuoB
fis	nuoC
fis	nuoE
fis	nuoF
fis	nuoG
fis	nuoH
fis	nuoI
fis	nuoJ
fis	nuoK
fis	nuoL
fis	nuoM
fis	nuoN
fis	ompF
fis	patA
fis	priB
fis	proP
fis	ptrA
fis	ptsH
fis	ptsI
fis	rhaT
fis	rimO
fis	rmf
fis	rpe
fis	rplI
fis	rpsF
fis	rpsG
fis	rpsL
fis	rpsR
fis	rrfA
fis	rrfB
fis	rrfC
fis	rrfG
fis	rrfH
fis	rrlA
fis	rrlB
fis	rrlC
fis	rrlG
fis	rrlH
fis	rrsA
fis	rrsB
fis	rrsC
fis	rrsG
fis	rrsH
fis	rseX
fis	rydC
fis	ryjA
fis	ryjB
fis	secG
fis	serT
fis	sspA
fis	sspB
fis	sufA
fis	sufB
fis	sufC
fis	sufD
fis	sufE
fis	sufS
fis	tam
fis	tesB
fis	thrT
fis	thrU
fis	tonB
fis	tpr
fis	trpS
fis	tufA
fis	tufB
fis	tyrT
fis	tyrU
fis	tyrV
fis	uhpB
fis	uidR
fis	uvrB
fis	yahE
fis	yahO
fis	ybeD
fis	yecF
fis	yegW
fis	yfaE
fis	yffO
fis	yffP
fis	ygiZ
fis	yihS
fis	yihT
fis	yihU
fis	yjhC
fis	yobF
flhC	asnC
flhC	dhaR
flhC	glnA
flhC	glnG
flhC	glnL
flhC	mioC
flhC	mnmG
fliZ	ariR
fliZ	ycgZ
fliZ	ymgA
fliZ	ymgC
fnr	cspA
fruR	adhE
fruR	crr
fruR	cspA
fruR	epd
fruR	fbaA
fruR	fruA
fruR	fruB
fruR	fruK
fruR	gapA
fruR	manX
fruR	manY
fruR	manZ
fruR	pdeL
fruR	pfkA
fruR	pgk
fruR	ptsH
fruR	ptsI
fruR	pykF
fur	cadC
fur	envZ
fur	fhuA
fur	fhuB
fur	fhuC
fur	fhuD
fur	fhuE
fur	fhuF
fur	glpF
fur	glpK
fur	glpX
fur	istR
fur	livF
fur	livG
fur	livH
fur	livK
fur	livM
fur	mntH
fur	nfeF
fur	nfeR
fur	ompR
fur	ryhB
fur	tauA
fur	tauB
fur	tauC
fur	tauD
fur	ves
fur	yfeC
fur	yfeD
fur	yjjZ
gadE	aidB
gadE	asnC
gadE	cbpA
gadE	cbpM
gadE	cspC
gadE	gadA
gadE	gadB
gadE	gadC
gadE	gadX
gadE	gltB
gadE	gltD
gadE	gltF
gadE	hdeD
gadE	micF
gadE	mioC
gadE	mnmG
gadE	nei
gadE	nhaA
gadE	nhaR
gadE	nth
gadE	oxyR
gadE	phoA
gadE	psiF
gadE	pxpA
gadE	pxpB
gadE	pxpC
gadE	rob
gadE	rsxA
gadE	rsxB
gadE	rsxC
gadE	rsxD
gadE	rsxE
gadE	rsxG
gadE	tonB
gadE	ybgI
gadE	ydgK
gadE	yhiM
gadE	yobF
gadW	dctR
gadW	gadE
gadW	gadF
gadW	glsA
gadW	slp
gadW	tpiA
gadW	ybaT
gadX	dctR
gadX	slp
galR	galE
galR	galK
galR	galM
galR	galP
galR	galR
galR	galT
galR	ppa
galR	talB
galS	galP
gcvA	comR
gcvA	gcvA
gcvA	gcvH
gcvA	gcvP
gcvA	gcvT
gcvA	metI
gcvA	metN
gcvA	metQ
gcvA	rsd
gcvA	sdaA
gcvA	sdiA
gcvA	yahO
gcvR	sdaA
glnG	aer
glnG	amtB
glnG	arcA
glnG	argT
glnG	asnC
glnG	asnV
glnG	cspA
glnG	cspC
glnG	ddpA
glnG	ddpB
glnG	ddpC
glnG	ddpD
glnG	ddpF
glnG	ddpX
glnG	dhaK
glnG	dhaL
glnG	dhaM
glnG	dhaR
glnG	gapA
glnG	ghoS
glnG	ghoT
glnG	glnA
glnG	glnG
glnG	glnH
glnG	glnK
glnG	glnL
glnG	glnP
glnG	glnQ
glnG	gltI
glnG	gltJ
glnG	gltK
glnG	gltL
glnG	hisJ
glnG	hisM
glnG	hisP
glnG	hisQ
glnG	ilvA
glnG	ilvD
glnG	ilvE
glnG	insK
glnG	leuO
glnG	mioC
glnG	mnmG
glnG	ompF
glnG	patA
glnG	pth
glnG	relA
glnG	rutR
glnG	ryhB
glnG	spf
glnG	sroC
glnG	xthA
glnG	ychF
glnG	yeaD
glnG	yeaG
glnG	yeaH
glnG	yffO
glnG	yffP
glnG	yhdW
glnG	yhdX
glnG	yhdY
glnG	yhdZ
glnG	yiaF
glnG	yobF
glpR	glpA
glpR	glpB
glpR	glpC
glpR	glpD
gntR	chaC
gntR	cnoX
gntR	gntK
gntR	gntU
gntR	idnD
gntR	idnO
gntR	idnR
gntR	idnT
gntR	mltC
gntR	nupG
gntR	polA
gntR	yggX
gntR	zinT
hha	cspA
hha	csrB
hha	cyoA
hha	cyoB
hha	cyoC
hha	cyoD
hha	cyoE
hha	dps
hha	glrK
hha	idlP
hha	iraD
hha	livF
hha	livG
hha	livH
hha	livK
hha	livM
hha	rplJ
hha	rplL
hha	rpoB
hha	rpoC
hha	spf
hha	ssuA
hha	ssuB
hha	ssuC
hha	ssuD
hha	ssuE
hha	yhhY
hha	yhjR
hha	ytiC
hha	ytiD
hipA	astA
hipA	astB
hipA	astC
hipA	astD
hipA	astE
hipA	dhaR
hipA	glgA
hipA	glgC
hipA	glgP
hipA	hipA
hipA	hipB
hipA	symR
hns	acnA
hns	acrE
hns	acrF
hns	adeD
hns	ahpC
hns	ahpF
hns	alaA
hns	aldB
hns	allC
hns	allD
hns	allE
hns	ansP
hns	araE
hns	araF
hns	araG
hns	araH
hns	argI
hns	argU
hns	aroD
hns	aroF
hns	asr
hns	atpA
hns	atpB
hns	atpC
hns	atpD
hns	atpE
hns	atpF
hns	atpG
hns	atpH
hns	atpI
hns	azuC
hns	bdm
hns	bglG
hns	bglJ
hns	borD
hns	bssS
hns	cadA
hns	cadB
hns	cadC
hns	caiF
hns	cas1
hns	cas2
hns	casD
hns	casE
hns	cbpA
hns	cbpM
hns	chiA
hns	cpdB
hns	crfC
hns	cspC
hns	cspI
hns	cydA
hns	cydB
hns	cyoA
hns	cyoB
hns	cyoC
hns	cyoD
hns	cyoE
hns	dapE
hns	dctR
hns	dcuB
hns	dcuC
hns	dcuD
hns	ddlB
hns	dps
hns	efp
hns	essD
hns	feoA
hns	feoB
hns	feoC
hns	fixA
hns	fixB
hns	fixC
hns	fixX
hns	flhC
hns	flhD
hns	fliF
hns	fliG
hns	fliH
hns	fliI
hns	fliJ
hns	fliK
hns	focA
hns	frc
hns	frdA
hns	frdB
hns	frdC
hns	frdD
hns	ftnB
hns	ftsA
hns	ftsI
hns	ftsL
hns	ftsQ
hns	ftsW
hns	ftsZ
hns	fucA
hns	fucO
hns	fumB
hns	gadA
hns	gadB
hns	gadC
hns	gadX
hns	galF
hns	garK
hns	garL
hns	garP
hns	garR
hns	ghoS
hns	ghoT
hns	glgS
hns	glmZ
hns	glyT
hns	gnd
hns	gnsA
hns	gspA
hns	gspB
hns	hchA
hns	hlyE
hns	hns
hns	htrE
hns	idlP
hns	idnK
hns	ihfA
hns	infC
hns	insK
hns	iraD
hns	iraM
hns	katE
hns	kbp
hns	kdpA
hns	kdpB
hns	kdpC
hns	kdpF
hns	leuA
hns	leuB
hns	leuC
hns	leuD
hns	leuL
hns	lpxC
hns	mdh
hns	metG
hns	metH
hns	mobA
hns	mobB
hns	mraY
hns	mraZ
hns	murC
hns	murD
hns	murE
hns	murF
hns	murG
hns	narG
hns	narH
hns	narI
hns	narJ
hns	narU
hns	nhaA
hns	nhaR
hns	nrdA
hns	nrdB
hns	nth
hns	ohsC
hns	ompC
hns	ompW
hns	opgG
hns	opgH
hns	osmB
hns	oxc
hns	pagP
hns	pdeF
hns	pdeL
hns	pfkB
hns	pflB
hns	pgaA
hns	pgaB
hns	pgaC
hns	pgaD
hns	pheM
hns	pheS
hns	pheT
hns	phoA
hns	phoE
hns	phr
hns	pitA
hns	pitB
hns	ppsA
hns	preA
hns	preT
hns	proV
hns	proW
hns	proX
hns	psiF
hns	rclA
hns	rclB
hns	rclC
hns	rcsA
hns	rcsB
hns	rcsD
hns	rfaD
hns	rfbA
hns	rfbC
hns	rfbX
hns	ribB
hns	rihB
hns	rlmL
hns	rnhA
hns	rnpB
hns	rplT
hns	rpmI
hns	rraB
hns	rrrD
hns	rseX
hns	rsmH
hns	rsxA
hns	rsxB
hns	rsxC
hns	rsxD
hns	rsxE
hns	rsxG
hns	ruvA
hns	ruvB
hns	ryhB
hns	rzpD
hns	sbmA
hns	sdhA
hns	sdhB
hns	sdhC
hns	sdhD
hns	sdhX
hns	shiA
hns	slp
hns	spy
hns	sra
hns	sroG
hns	ssuA
hns	ssuB
hns	ssuC
hns	ssuD
hns	ssuE
hns	stpA
hns	sucA
hns	sucB
hns	sucC
hns	sucD
hns	symE
hns	tauA
hns	tauB
hns	tauC
hns	tauD
hns	tdcA
hns	tdcB
hns	tdcC
hns	tdcD
hns	tdcE
hns	tdcF
hns	tdcG
hns	thrS
hns	thrT
hns	thrU
hns	tpiA
hns	tqsA
hns	ttdR
hns	tufB
hns	tyrA
hns	tyrP
hns	tyrR
hns	tyrU
hns	ubiA
hns	ubiC
hns	uidR
hns	umuC
hns	umuD
hns	uup
hns	waaC
hns	waaF
hns	waaH
hns	waaL
hns	xapA
hns	xapB
hns	xapR
hns	xylA
hns	xylB
hns	xylF
hns	xylG
hns	xylH
hns	xylR
hns	yadC
hns	yadV
hns	yahE
hns	yaiW
hns	ybfG
hns	ybgA
hns	yceI
hns	yceJ
hns	yciE
hns	yciF
hns	yciG
hns	ycjF
hns	ycjX
hns	ydeA
hns	ydeJ
hns	ydeP
hns	ydgK
hns	ydhT
hns	ydhU
hns	ydhV
hns	ydhW
hns	ydhX
hns	ydhY
hns	ydiP
hns	ydiU
hns	yecF
hns	yegH
hns	yegR
hns	yegZ
hns	yfaE
hns	yfdE
hns	yfdV
hns	yfdX
hns	yffB
hns	ygbK
hns	ygeA
hns	ygeV
hns	yghF
hns	yhdW
hns	yhdX
hns	yhdY
hns	yhdZ
hns	yicI
hns	yicJ
hns	yidL
hns	yjbE
hns	yjbF
hns	yjbG
hns	yjbH
hns	yjcS
hns	yjcZ
hns	yjhC
hns	yjjQ
hns	ykgR
hns	ymiC
hns	yobF
hns	ypfN
hns	yqaE
hns	ytfK
hns	ytiC
hns	ytiD
iclR	allB
iclR	allS
iclR	gcl
iclR	glxK
iclR	glxR
iclR	hyi
iclR	ybbW
iclR	ybbY
ihfA	3'ETS
ihfA	accB
ihfA	accC
ihfA	aceA
ihfA	aceB
ihfA	aceE
ihfA	aceF
ihfA	aceK
ihfA	acnA
ihfA	acpP
ihfA	acs
ihfA	actP
ihfA	adhE
ihfA	ahpC
ihfA	ahpF
ihfA	alaC
ihfA	aldA
ihfA	alsA
ihfA	alsB
ihfA	alsC
ihfA	alsE
ihfA	alsR
ihfA	amiB
ihfA	ansB
ihfA	araA
ihfA	araB
ihfA	araD
ihfA	araJ
ihfA	argA
ihfA	argF
ihfA	argT
ihfA	argU
ihfA	ariR
ihfA	asnT
ihfA	atoA
ihfA	atoB
ihfA	atoD
ihfA	atoE
ihfA	atpA
ihfA	atpB
ihfA	atpC
ihfA	atpD
ihfA	atpE
ihfA	atpF
ihfA	atpG
ihfA	atpH
ihfA	atpI
ihfA	bcp
ihfA	can
ihfA	ccp
ihfA	cdsA
ihfA	cfa
ihfA	chaC
ihfA	clpP
ihfA	clpX
ihfA	cmk
ihfA	cnoX
ihfA	cobS
ihfA	cobT
ihfA	cobU
ihfA	corA
ihfA	crp
ihfA	cspA
ihfA	csrB
ihfA	cstA
ihfA	cyaA
ihfA	cydA
ihfA	cydB
ihfA	cysG
ihfA	cysH
ihfA	cysI
ihfA	cysJ
ihfA	cysS
ihfA	cysT
ihfA	dapB
ihfA	dctA
ihfA	dgt
ihfA	dkgA
ihfA	dksA
ihfA	dmsD
ihfA	dnaQ
ihfA	dsdA
ihfA	dsdX
ihfA	dusB
ihfA	dut
ihfA	ebgA
ihfA	ebgC
ihfA	efp
ihfA	eno
ihfA	entF
ihfA	envZ
ihfA	esrE
ihfA	fabF
ihfA	fadD
ihfA	fau
ihfA	fecA
ihfA	fecB
ihfA	fecC
ihfA	fecD
ihfA	fecE
ihfA	fecI
ihfA	fecR
ihfA	fepE
ihfA	fes
ihfA	fis
ihfA	fldA
ihfA	fliA
ihfA	fliC
ihfA	fliZ
ihfA	flxA
ihfA	focB
ihfA	folA
ihfA	frdA
ihfA	frdB
ihfA	frdC
ihfA	frdD
ihfA	frsA
ihfA	fruA
ihfA	fruB
ihfA	fruK
ihfA	ftnB
ihfA	ftsA
ihfA	ftsK
ihfA	ftsQ
ihfA	ftsZ
ihfA	fumA
ihfA	fumC
ihfA	fumE
ihfA	fur
ihfA	gadB
ihfA	gadC
ihfA	gadE
ihfA	gadF
ihfA	gadW
ihfA	gadY
ihfA	galF
ihfA	galK
ihfA	gcvA
ihfA	gcvB
ihfA	gcvH
ihfA	gcvP
ihfA	gcvT
ihfA	glmZ
ihfA	glnB
ihfA	glpQ
ihfA	glsA
ihfA	glyT
ihfA	glyW
ihfA	gnsA
ihfA	gor
ihfA	grcA
ihfA	greA
ihfA	gspA
ihfA	gspB
ihfA	hcaB
ihfA	hcaC
ihfA	hcaD
ihfA	hcaE
ihfA	hcaF
ihfA	hemW
ihfA	hflC
ihfA	hflK
ihfA	hflX
ihfA	hfq
ihfA	hisJ
ihfA	hisM
ihfA	hisP
ihfA	hisQ
ihfA	hns
ihfA	htpX
ihfA	hycA
ihfA	hycB
ihfA	hycC
ihfA	hycD
ihfA	hycE
ihfA	hycF
ihfA	hycG
ihfA	hycH
ihfA	hycI
ihfA	hydN
ihfA	hyfA
ihfA	hyfB
ihfA	hyfC
ihfA	hyfD
ihfA	hyfE
ihfA	hyfF
ihfA	hyfG
ihfA	hyfH
ihfA	hyfI
ihfA	hyfJ
ihfA	hyfR
ihfA	hypF
ihfA	ibpA
ihfA	ibpB
ihfA	ihfA
ihfA	ilvA
ihfA	ilvD
ihfA	ilvE
ihfA	ilvG
ihfA	ilvL
ihfA	ilvM
ihfA	ilvX
ihfA	inaA
ihfA	infA
ihfA	infB
ihfA	infC
ihfA	intS
ihfA	istR
ihfA	lapA
ihfA	lapB
ihfA	ldtB
ihfA	leuZ
ihfA	livF
ihfA	livG
ihfA	livH
ihfA	livK
ihfA	livM
ihfA	lldD
ihfA	lldP
ihfA	lldR
ihfA	lpp
ihfA	lptD
ihfA	lpxP
ihfA	lysP
ihfA	malP
ihfA	malQ
ihfA	malS
ihfA	malZ
ihfA	manX
ihfA	manY
ihfA	manZ
ihfA	matP
ihfA	mdh
ihfA	metB
ihfA	metC
ihfA	metG
ihfA	metH
ihfA	metL
ihfA	metV
ihfA	metW
ihfA	metZ
ihfA	miaA
ihfA	micC
ihfA	micF
ihfA	mlc
ihfA	moaA
ihfA	moaB
ihfA	moaC
ihfA	moaD
ihfA	moaE
ihfA	mpl
ihfA	msrA
ihfA	mtlA
ihfA	mtlD
ihfA	mtlR
ihfA	mutL
ihfA	mutM
ihfA	mutS
ihfA	nanA
ihfA	nanE
ihfA	nanK
ihfA	nanT
ihfA	napA
ihfA	napB
ihfA	napC
ihfA	napD
ihfA	napF
ihfA	napG
ihfA	napH
ihfA	narV
ihfA	narW
ihfA	ndh
ihfA	nei
ihfA	nfo
ihfA	nfsA
ihfA	nfsB
ihfA	nhaA
ihfA	nhaR
ihfA	nirB
ihfA	nirC
ihfA	nirD
ihfA	nlpD
ihfA	nnr
ihfA	norV
ihfA	norW
ihfA	nrdA
ihfA	nrdB
ihfA	nrdD
ihfA	nrdG
ihfA	nusA
ihfA	ompR
ihfA	ompT
ihfA	osmE
ihfA	osmY
ihfA	paaX
ihfA	paaY
ihfA	pagP
ihfA	panD
ihfA	patD
ihfA	pck
ihfA	pcm
ihfA	pdxA
ihfA	pdxK
ihfA	pgsA
ihfA	pheM
ihfA	pheS
ihfA	pheT
ihfA	phoB
ihfA	phoR
ihfA	phoU
ihfA	phr
ihfA	ppc
ihfA	prpB
ihfA	prpC
ihfA	prpD
ihfA	prpE
ihfA	pspG
ihfA	pstA
ihfA	pstB
ihfA	pstC
ihfA	pstS
ihfA	pxpA
ihfA	pxpB
ihfA	pxpC
ihfA	pyrB
ihfA	pyrC
ihfA	pyrF
ihfA	pyrI
ihfA	pyrL
ihfA	rdgB
ihfA	recN
ihfA	rhaT
ihfA	rimK
ihfA	rnb
ihfA	rplT
ihfA	rpmB
ihfA	rpmG
ihfA	rpmI
ihfA	rpoH
ihfA	rpoS
ihfA	rprA
ihfA	rpsA
ihfA	rpsB
ihfA	rydC
ihfA	ryeA
ihfA	sbmA
ihfA	selA
ihfA	selB
ihfA	serT
ihfA	sfsA
ihfA	shiA
ihfA	slmA
ihfA	slyB
ihfA	smf
ihfA	sodB
ihfA	soxR
ihfA	speA
ihfA	speB
ihfA	speD
ihfA	speE
ihfA	spy
ihfA	sroD
ihfA	sroH
ihfA	ssrS
ihfA	ssuA
ihfA	ssuB
ihfA	ssuC
ihfA	ssuD
ihfA	ssuE
ihfA	surA
ihfA	talB
ihfA	tatA
ihfA	tatB
ihfA	tatC
ihfA	tatD
ihfA	tcyJ
ihfA	tdcA
ihfA	tdcB
ihfA	tdcC
ihfA	tdcD
ihfA	tdcE
ihfA	tdcF
ihfA	tdcG
ihfA	tff
ihfA	thrS
ihfA	thrT
ihfA	thrU
ihfA	tonB
ihfA	tpr
ihfA	trpA
ihfA	trpB
ihfA	trpC
ihfA	trpD
ihfA	trpE
ihfA	trpL
ihfA	trxA
ihfA	tsaE
ihfA	tsf
ihfA	tsx
ihfA	tufB
ihfA	tyrB
ihfA	tyrT
ihfA	tyrU
ihfA	tyrV
ihfA	ugpA
ihfA	ugpB
ihfA	ugpC
ihfA	ugpE
ihfA	ugpQ
ihfA	uhpB
ihfA	uhpT
ihfA	umpG
ihfA	umuC
ihfA	umuD
ihfA	uof
ihfA	uppS
ihfA	uvrD
ihfA	yacC
ihfA	yacG
ihfA	yafD
ihfA	yafE
ihfA	yafW
ihfA	yafX
ihfA	yahO
ihfA	yaiW
ihfA	ybaT
ihfA	ybdZ
ihfA	ybgA
ihfA	ybgI
ihfA	ybhQ
ihfA	ybjC
ihfA	ybjN
ihfA	ycgZ
ihfA	ychF
ihfA	yciH
ihfA	ydcS
ihfA	ydcT
ihfA	ydcU
ihfA	ydcV
ihfA	ydeA
ihfA	ydhQ
ihfA	ydiU
ihfA	ydjM
ihfA	yeiL
ihfA	yfaE
ihfA	yfeC
ihfA	yfeD
ihfA	yffO
ihfA	yffP
ihfA	ygfZ
ihfA	yggC
ihfA	yggE
ihfA	yghU
ihfA	yhcH
ihfA	yhjX
ihfA	yiaJ
ihfA	yibA
ihfA	yidQ
ihfA	yihG
ihfA	yjcH
ihfA	yjhC
ihfA	ykfB
ihfA	ykfF
ihfA	ykfG
ihfA	ykfH
ihfA	ykfI
ihfA	ymgA
ihfA	ymgC
ihfA	ymiC
ihfA	yncE
ihfA	ynfE
ihfA	ynfF
ihfA	ynfG
ihfA	ynfH
ihfA	yqhD
ihfA	yraP
ihfA	ysgA
ihfA	zntA
ihfA	zwf
ihfB	3'ETS
ihfB	accB
ihfB	accC
ihfB	aceA
ihfB	aceB
ihfB	aceE
ihfB	aceF
ihfB	aceK
ihfB	acnA
ihfB	acpP
ihfB	acs
ihfB	actP
ihfB	adhE
ihfB	aer
ihfB	ahpC
ihfB	ahpF
ihfB	alaC
ihfB	aldA
ihfB	alsA
ihfB	alsB
ihfB	alsC
ihfB	alsE
ihfB	alsR
ihfB	amiB
ihfB	ansB
ihfB	araA
ihfB	araB
ihfB	araD
ihfB	araJ
ihfB	argA
ihfB	argF
ihfB	argT
ihfB	argU
ihfB	ariR
ihfB	artJ
ihfB	asnT
ihfB	atoA
ihfB	atoB
ihfB	atoD
ihfB	atoE
ihfB	atpA
ihfB	atpB
ihfB	atpC
ihfB	atpD
ihfB	atpE
ihfB	atpF
ihfB	atpG
ihfB	atpH
ihfB	atpI
ihfB	bcp
ihfB	can
ihfB	ccp
ihfB	cdsA
ihfB	cfa
ihfB	chaC
ihfB	cmk
ihfB	cnoX
ihfB	cobS
ihfB	cobT
ihfB	cobU
ihfB	corA
ihfB	creA
ihfB	creB
ihfB	creC
ihfB	creD
ihfB	cspA
ihfB	csrB
ihfB	cyaA
ihfB	cydA
ihfB	cydB
ihfB	cysG
ihfB	cysH
ihfB	cysI
ihfB	cysJ
ihfB	cysS
ihfB	cysT
ihfB	dapB
ihfB	dctA
ihfB	dgt
ihfB	dkgA
ihfB	dksA
ihfB	dmsD
ihfB	dnaQ
ihfB	dsdA
ihfB	dsdX
ihfB	dusB
ihfB	dut
ihfB	ebgA
ihfB	ebgC
ihfB	efp
ihfB	eno
ihfB	entF
ihfB	envZ
ihfB	esrE
ihfB	fabF
ihfB	fadD
ihfB	fau
ihfB	fecA
ihfB	fecB
ihfB	fecC
ihfB	fecD
ihfB	fecE
ihfB	fecI
ihfB	fecR
ihfB	fepE
ihfB	fes
ihfB	fis
ihfB	fldA
ihfB	fliA
ihfB	fliC
ihfB	fliZ
ihfB	flxA
ihfB	focB
ihfB	folA
ihfB	folX
ihfB	frdA
ihfB	frdB
ihfB	frdC
ihfB	frdD
ihfB	frsA
ihfB	fruA
ihfB	fruB
ihfB	fruK
ihfB	ftnB
ihfB	ftsA
ihfB	ftsK
ihfB	ftsQ
ihfB	ftsZ
ihfB	fumA
ihfB	fumC
ihfB	fumE
ihfB	fur
ihfB	gadB
ihfB	gadC
ihfB	gadE
ihfB	gadF
ihfB	gadY
ihfB	galF
ihfB	galK
ihfB	gcvA
ihfB	gcvB
ihfB	gcvH
ihfB	gcvP
ihfB	gcvT
ihfB	glmS
ihfB	glmU
ihfB	glmZ
ihfB	glnB
ihfB	glpQ
ihfB	glsA
ihfB	glyT
ihfB	glyW
ihfB	gnsA
ihfB	gor
ihfB	grcA
ihfB	greA
ihfB	hcaB
ihfB	hcaC
ihfB	hcaD
ihfB	hcaE
ihfB	hcaF
ihfB	hemW
ihfB	hflC
ihfB	hflK
ihfB	hflX
ihfB	hfq
ihfB	hisJ
ihfB	hisM
ihfB	hisP
ihfB	hisQ
ihfB	hns
ihfB	htpX
ihfB	hycA
ihfB	hycB
ihfB	hycC
ihfB	hycD
ihfB	hycE
ihfB	hycF
ihfB	hycG
ihfB	hycH
ihfB	hycI
ihfB	hydN
ihfB	hyfA
ihfB	hyfB
ihfB	hyfC
ihfB	hyfD
ihfB	hyfE
ihfB	hyfF
ihfB	hyfG
ihfB	hyfH
ihfB	hyfI
ihfB	hyfJ
ihfB	hyfR
ihfB	hypF
ihfB	ibpA
ihfB	ibpB
ihfB	ihfA
ihfB	ilvA
ihfB	ilvD
ihfB	ilvE
ihfB	ilvG
ihfB	ilvL
ihfB	ilvM
ihfB	ilvX
ihfB	inaA
ihfB	infA
ihfB	infB
ihfB	infC
ihfB	intS
ihfB	istR
ihfB	lapA
ihfB	lapB
ihfB	ldtB
ihfB	leuZ
ihfB	livF
ihfB	livG
ihfB	livH
ihfB	livK
ihfB	livM
ihfB	lldD
ihfB	lldP
ihfB	lldR
ihfB	lpp
ihfB	lptD
ihfB	lpxP
ihfB	lysP
ihfB	malP
ihfB	malQ
ihfB	malS
ihfB	manX
ihfB	manY
ihfB	manZ
ihfB	matP
ihfB	mdh
ihfB	metB
ihfB	metC
ihfB	metH
ihfB	metL
ihfB	metV
ihfB	metW
ihfB	metZ
ihfB	miaA
ihfB	micC
ihfB	mlc
ihfB	moaA
ihfB	moaB
ihfB	moaC
ihfB	moaD
ihfB	moaE
ihfB	modA
ihfB	modB
ihfB	modC
ihfB	mpl
ihfB	msrA
ihfB	mtlA
ihfB	mtlD
ihfB	mtlR
ihfB	mutL
ihfB	mutM
ihfB	nanA
ihfB	nanE
ihfB	nanK
ihfB	nanT
ihfB	napA
ihfB	napB
ihfB	napC
ihfB	napD
ihfB	napF
ihfB	napG
ihfB	napH
ihfB	narV
ihfB	narW
ihfB	ndh
ihfB	nei
ihfB	nfsA
ihfB	nfsB
ihfB	nhaA
ihfB	nhaR
ihfB	nirB
ihfB	nirC
ihfB	nirD
ihfB	nlpD
ihfB	nnr
ihfB	norV
ihfB	norW
ihfB	nrdA
ihfB	nrdB
ihfB	nrdD
ihfB	nrdG
ihfB	nuoA
ihfB	nuoB
ihfB	nuoC
ihfB	nuoE
ihfB	nuoF
ihfB	nuoG
ihfB	nuoH
ihfB	nuoI
ihfB	nuoJ
ihfB	nuoK
ihfB	nuoL
ihfB	nuoM
ihfB	nuoN
ihfB	nusA
ihfB	ompR
ihfB	ompT
ihfB	osmE
ihfB	osmY
ihfB	paaX
ihfB	paaY
ihfB	pagP
ihfB	panD
ihfB	patD
ihfB	pck
ihfB	pcm
ihfB	pdxA
ihfB	pdxH
ihfB	pdxK
ihfB	pdxY
ihfB	pgsA
ihfB	pheM
ihfB	pheS
ihfB	pheT
ihfB	phoB
ihfB	phoR
ihfB	phoU
ihfB	phr
ihfB	pitA
ihfB	ppc
ihfB	prpB
ihfB	prpC
ihfB	prpD
ihfB	prpE
ihfB	pspG
ihfB	pstA
ihfB	pstB
ihfB	pstC
ihfB	pstS
ihfB	pxpA
ihfB	pxpB
ihfB	pxpC
ihfB	pyrB
ihfB	pyrC
ihfB	pyrF
ihfB	pyrI
ihfB	pyrL
ihfB	rdgB
ihfB	recN
ihfB	rhaT
ihfB	rimK
ihfB	rnb
ihfB	rplT
ihfB	rpmB
ihfB	rpmG
ihfB	rpmI
ihfB	rpoH
ihfB	rpoS
ihfB	rprA
ihfB	rpsA
ihfB	rpsB
ihfB	rydC
ihfB	ryeA
ihfB	sbmA
ihfB	selA
ihfB	selB
ihfB	serT
ihfB	sfsA
ihfB	shiA
ihfB	slmA
ihfB	slyB
ihfB	smf
ihfB	sodB
ihfB	soxR
ihfB	speA
ihfB	speB
ihfB	speD
ihfB	speE
ihfB	spy
ihfB	sroD
ihfB	sroH
ihfB	ssrS
ihfB	ssuA
ihfB	ssuB
ihfB	ssuC
ihfB	ssuD
ihfB	ssuE
ihfB	surA
ihfB	talB
ihfB	tatA
ihfB	tatB
ihfB	tatC
ihfB	tatD
ihfB	tcyJ
ihfB	tdcA
ihfB	tdcB
ihfB	tdcC
ihfB	tdcD
ihfB	tdcE
ihfB	tdcF
ihfB	tdcG
ihfB	tff
ihfB	thrS
ihfB	thrT
ihfB	thrU
ihfB	tonB
ihfB	tpr
ihfB	trpA
ihfB	trpB
ihfB	trpC
ihfB	trpD
ihfB	trpE
ihfB	trpL
ihfB	trxA
ihfB	tsaE
ihfB	tsf
ihfB	tsx
ihfB	tufB
ihfB	tyrB
ihfB	tyrS
ihfB	tyrT
ihfB	tyrU
ihfB	tyrV
ihfB	ugpA
ihfB	ugpB
ihfB	ugpC
ihfB	ugpE
ihfB	ugpQ
ihfB	uhpB
ihfB	uhpT
ihfB	umpG
ihfB	umuC
ihfB	umuD
ihfB	uof
ihfB	uppS
ihfB	uvrD
ihfB	yacC
ihfB	yacG
ihfB	yafD
ihfB	yafE
ihfB	yafW
ihfB	yafX
ihfB	yahO
ihfB	yaiW
ihfB	ybaT
ihfB	ybdZ
ihfB	ybgA
ihfB	ybgI
ihfB	ybhQ
ihfB	ybjC
ihfB	ybjN
ihfB	ycgZ
ihfB	ychF
ihfB	yciH
ihfB	ydcS
ihfB	ydcT
ihfB	ydcU
ihfB	ydcV
ihfB	ydeA
ihfB	ydhQ
ihfB	ydiU
ihfB	ydjM
ihfB	yeiL
ihfB	yfaE
ihfB	yfcH
ihfB	yfeC
ihfB	yfeD
ihfB	yffO
ihfB	yffP
ihfB	ygfZ
ihfB	yggC
ihfB	yggE
ihfB	yghU
ihfB	yhcH
ihfB	yhjX
ihfB	yiaJ
ihfB	yibA
ihfB	yidQ
ihfB	yihG
ihfB	yjcH
ihfB	yjhC
ihfB	ykfB
ihfB	ykfF
ihfB	ykfG
ihfB	ykfH
ihfB	ykfI
ihfB	ymgA
ihfB	ymgC
ihfB	ymiC
ihfB	ynfE
ihfB	ynfF
ihfB	ynfG
ihfB	ynfH
ihfB	yqhD
ihfB	yraP
ihfB	ysgA
ihfB	zntA
ihfB	zwf
iscR	acrD
iscR	aes
iscR	alaA
iscR	alaC
iscR	allR
iscR	allS
iscR	ansB
iscR	argA
iscR	asnA
iscR	betT
iscR	caiF
iscR	cas1
iscR	cas2
iscR	casD
iscR	casE
iscR	chaC
iscR	cirA
iscR	cmoM
iscR	comR
iscR	cpxA
iscR	cpxR
iscR	crfC
iscR	crr
iscR	cspI
iscR	csrC
iscR	cyaR
iscR	cysB
iscR	cysC
iscR	cysD
iscR	cysK
iscR	cysN
iscR	dctA
iscR	ddlB
iscR	dedA
iscR	deoA
iscR	deoB
iscR	deoC
iscR	deoD
iscR	dinG
iscR	dmsD
iscR	dnaJ
iscR	dnaK
iscR	elaB
iscR	epd
iscR	exuT
iscR	fbaA
iscR	fdhF
iscR	fimE
iscR	fiu
iscR	fkpA
iscR	fkpB
iscR	fldA
iscR	fliF
iscR	fliG
iscR	fliH
iscR	fliI
iscR	fliJ
iscR	fliK
iscR	frdA
iscR	frdB
iscR	frdC
iscR	frdD
iscR	ftsA
iscR	ftsI
iscR	ftsL
iscR	ftsQ
iscR	ftsW
iscR	ftsZ
iscR	fur
iscR	galF
iscR	gapA
iscR	glgA
iscR	glgB
iscR	glgC
iscR	glgP
iscR	glgS
iscR	glgX
iscR	gntK
iscR	gntT
iscR	gntU
iscR	hemN
iscR	hipA
iscR	hipB
iscR	hyaA
iscR	hyaB
iscR	hyaC
iscR	hyaD
iscR	hyaE
iscR	hyaF
iscR	hybA
iscR	hybB
iscR	hybC
iscR	hybD
iscR	hybE
iscR	hybF
iscR	hybG
iscR	hybO
iscR	ileS
iscR	iscA
iscR	iscR
iscR	iscS
iscR	iscU
iscR	ispH
iscR	lptD
iscR	lpxC
iscR	lpxL
iscR	lrhA
iscR	lspA
iscR	mepS
iscR	metJ
iscR	mgrB
iscR	mobA
iscR	mobB
iscR	mraY
iscR	mraZ
iscR	mukB
iscR	mukE
iscR	mukF
iscR	murC
iscR	murD
iscR	murE
iscR	murF
iscR	murG
iscR	napA
iscR	napB
iscR	napC
iscR	napD
iscR	napF
iscR	napG
iscR	napH
iscR	nrfA
iscR	nrfB
iscR	nrfC
iscR	nrfD
iscR	nrfE
iscR	nrfF
iscR	nrfG
iscR	ompF
iscR	pdxA
iscR	pdxB
iscR	pgk
iscR	phoA
iscR	proV
iscR	proW
iscR	proX
iscR	psiF
iscR	ptsH
iscR	ptsI
iscR	purR
iscR	rbsA
iscR	rbsB
iscR	rbsC
iscR	rbsD
iscR	rbsK
iscR	rbsR
iscR	rhaT
iscR	ribB
iscR	ribF
iscR	rnlA
iscR	rnlB
iscR	rsmH
iscR	sbcB
iscR	sodA
iscR	sodB
iscR	speC
iscR	sroG
iscR	sthA
iscR	surA
iscR	tdcA
iscR	tdcB
iscR	tdcC
iscR	tdcD
iscR	tdcE
iscR	tdcF
iscR	tdcG
iscR	tonB
iscR	torA
iscR	torC
iscR	torD
iscR	tpke11
iscR	truA
iscR	ttdA
iscR	ttdB
iscR	ttdT
iscR	ulaA
iscR	ulaB
iscR	ulaC
iscR	ulaD
iscR	ulaE
iscR	ulaF
iscR	uof
iscR	usg
iscR	yahO
iscR	ybiB
iscR	yceI
iscR	yceJ
iscR	yfeC
iscR	yfeD
iscR	ygiZ
iscR	yjcB
iscR	yjcZ
iscR	ykgR
iscR	ynfE
iscR	ynfF
iscR	ynfG
iscR	ynfH
iscR	ytfE
kdgR	araE
kdgR	eda
kdgR	glpA
kdgR	glpB
kdgR	glpC
kdgR	hybA
kdgR	hybB
kdgR	hybC
kdgR	hybD
kdgR	hybE
kdgR	hybF
kdgR	hybG
kdgR	hybO
kdgR	mgrB
kdgR	pdeH
kdgR	pykF
kdgR	rhaT
kdgR	uxaB
kdgR	ygeA
lacI	lacA
lacI	lacY
lacI	lacZ
leuO	cspA
leuO	cspE
leuO	csrC
leuO	fliF
leuO	fliG
leuO	fliH
leuO	fliI
leuO	fliJ
leuO	fliK
leuO	infB
leuO	metY
leuO	nusA
leuO	pnp
leuO	rbfA
leuO	rimP
leuO	rpsO
leuO	truB
lexA	alaT
lexA	alaU
lexA	araF
lexA	araG
lexA	araH
lexA	arcZ
lexA	argQ
lexA	baeR
lexA	baeS
lexA	bssS
lexA	cspA
lexA	deaD
lexA	def
lexA	dinB
lexA	dinF
lexA	dinQ
lexA	fhlA
lexA	fhuF
lexA	fmt
lexA	glmY
lexA	gltB
lexA	gltD
lexA	gltF
lexA	gltT
lexA	gltU
lexA	gltW
lexA	hemN
lexA	hokE
lexA	hypA
lexA	hypB
lexA	hypC
lexA	hypD
lexA	hypE
lexA	ileT
lexA	ileU
lexA	ilvA
lexA	ilvD
lexA	ilvE
lexA	ilvG
lexA	ilvL
lexA	ilvM
lexA	ilvX
lexA	lexA
lexA	mdtA
lexA	mdtB
lexA	mdtC
lexA	mdtD
lexA	nrdE
lexA	nrdF
lexA	nrdH
lexA	nrdI
lexA	pheM
lexA	polB
lexA	ppiA
lexA	purT
lexA	pyrE
lexA	recA
lexA	recN
lexA	recX
lexA	rph
lexA	rplA
lexA	rplJ
lexA	rplK
lexA	rplL
lexA	rplT
lexA	rpoB
lexA	rpoC
lexA	rrfA
lexA	rrfB
lexA	rrfC
lexA	rrfD
lexA	rrfF
lexA	rrfG
lexA	rrlA
lexA	rrlB
lexA	rrlC
lexA	rrlD
lexA	rrlG
lexA	rrsA
lexA	rrsB
lexA	rrsC
lexA	rrsD
lexA	rrsG
lexA	sbcB
lexA	sibC
lexA	sulA
lexA	symE
lexA	thrV
lexA	tisB
lexA	umuC
lexA	umuD
lexA	uvrA
lexA	uxaA
lexA	uxaC
lexA	xseA
lexA	yafN
lexA	yafO
lexA	yafP
lexA	ydjM
lexA	yhhY
lexA	yjeV
lexA	yrbN
lexA	ysgA
lldR	lldD
lldR	lldP
lldR	lldR
lrp	adhE
lrp	alaA
lrp	alaE
lrp	ansB
lrp	aroF
lrp	aroG
lrp	artI
lrp	artM
lrp	artP
lrp	artQ
lrp	aspA
lrp	crp
lrp	csiE
lrp	dadA
lrp	dadX
lrp	dcuA
lrp	dmsA
lrp	dmsB
lrp	dmsC
lrp	dppA
lrp	dppB
lrp	dppC
lrp	dppD
lrp	dppF
lrp	dtpA
lrp	fadL
lrp	flhC
lrp	flhD
lrp	frdA
lrp	frdB
lrp	frdC
lrp	frdD
lrp	gcvH
lrp	gcvP
lrp	gcvT
lrp	glpE
lrp	glpG
lrp	glpR
lrp	gltB
lrp	gltD
lrp	gltF
lrp	gntR
lrp	ilvA
lrp	ilvD
lrp	ilvE
lrp	ilvG
lrp	ilvH
lrp	ilvI
lrp	ilvL
lrp	ilvM
lrp	ilvX
lrp	istR
lrp	kbl
lrp	leuE
lrp	livF
lrp	livG
lrp	livH
lrp	livJ
lrp	livK
lrp	livM
lrp	lysU
lrp	mtr
lrp	napA
lrp	napB
lrp	napC
lrp	napD
lrp	napF
lrp	napG
lrp	napH
lrp	ompF
lrp	ompT
lrp	opgG
lrp	opgH
lrp	patA
lrp	pepD
lrp	potF
lrp	potG
lrp	potH
lrp	potI
lrp	qseB
lrp	qseC
lrp	serA
lrp	serC
lrp	symR
lrp	tdcA
lrp	tdcB
lrp	tdcC
lrp	tdcD
lrp	tdcE
lrp	tdcF
lrp	tdcG
lrp	tdh
lrp	tehA
lrp	tehB
lrp	topA
lrp	tyrA
lrp	tyrP
lrp	uspB
lrp	ybhQ
lrp	ycgB
lrp	yciT
lrp	yciZ
lrp	ydhI
lrp	ydhJ
lrp	ydhK
lrp	yeaG
lrp	yeaH
lrp	yhjX
lrp	ytfB
lrp	ytfK
lsrR	lsrA
lsrR	lsrB
lsrR	lsrC
lsrR	lsrD
lsrR	lsrF
lsrR	lsrG
lsrR	tam
lysR	csrB
lysR	hslO
lysR	hslR
lysR	lysR
lysR	yghU
marA	ariR
marA	glk
marA	marA
marA	marB
marA	marR
marA	mdh
marA	ycgZ
marA	ymgA
marA	ymgC
marR	marA
marR	marB
marR	marR
melR	appY
melR	iraM
melR	melA
melR	melB
melR	nrdA
melR	nrdB
melR	yfaE
melR	yfeC
melR	yfeD
metR	hmp
metR	ilvA
metR	ilvD
metR	ilvE
metR	ilvG
metR	ilvL
metR	ilvM
metR	ilvX
metR	lysC
metR	metA
metR	metF
metR	metR
metR	serA
mhpR	ppdA
mhpR	ppdB
mhpR	ppdC
mhpR	recC
mhpR	ygdB
mlrA	rmf
mntR	metG
mntR	mntH
mntR	mntS
mntR	rybA
mntR	tdcA
mntR	tdcB
mntR	tdcC
mntR	tdcD
mntR	tdcE
mntR	tdcF
mntR	tdcG
mntR	umpH
mntR	yfeC
mntR	yfeD
mntR	yoaE
modE	dmsA
modE	dmsB
modE	dmsC
modE	dmsD
modE	hipA
modE	hipB
modE	hybA
modE	hybB
modE	hybC
modE	hybD
modE	hybE
modE	hybF
modE	hybG
modE	hybO
modE	moaA
modE	moaB
modE	moaC
modE	moaD
modE	moaE
modE	modA
modE	modB
modE	modC
modE	napA
modE	napB
modE	napC
modE	napD
modE	napF
modE	napG
modE	napH
modE	yfeC
modE	yfeD
modE	ynfE
modE	ynfF
modE	ynfG
modE	ynfH
mprA	acrD
mprA	arcA
mprA	aroF
mprA	baeR
mprA	baeS
mprA	dgcT
mprA	fimB
mprA	flhC
mprA	flhD
mprA	gadE
mprA	gadF
mprA	galF
mprA	glgS
mprA	glpF
mprA	glpK
mprA	glpX
mprA	gnsA
mprA	lpxP
mprA	marA
mprA	marB
mprA	marR
mprA	mdtA
mprA	mdtB
mprA	mdtC
mprA	mdtD
mprA	metG
mprA	mgrB
mprA	rcsB
mprA	rcsD
mprA	tyrA
mprA	ybjG
mraZ	ddlB
mraZ	ftsA
mraZ	ftsI
mraZ	ftsL
mraZ	ftsQ
mraZ	ftsW
mraZ	ftsZ
mraZ	lpxC
mraZ	mraY
mraZ	mraZ
mraZ	murC
mraZ	murD
mraZ	murE
mraZ	murF
mraZ	murG
mraZ	rsmH
nac	ackA
nac	acnB
nac	acrE
nac	acrF
nac	adhE
nac	ahpC
nac	ahpF
nac	alaC
nac	alaT
nac	alaU
nac	allR
nac	alsA
nac	alsB
nac	alsC
nac	alsE
nac	alsR
nac	ampD
nac	ampE
nac	ansB
nac	ansP
nac	appY
nac	araA
nac	araB
nac	araD
nac	araE
nac	araF
nac	araG
nac	araH
nac	arcZ
nac	argG
nac	argI
nac	argQ
nac	argR
nac	argU
nac	argW
nac	aroD
nac	aroF
nac	asnC
nac	asnT
nac	asnV
nac	aspS
nac	azuC
nac	baeR
nac	baeS
nac	bcsB
nac	bcsZ
nac	bluF
nac	borD
nac	bssS
nac	btsT
nac	caiF
nac	cca
nac	ccmA
nac	ccmB
nac	ccmC
nac	ccmD
nac	ccmE
nac	ccmF
nac	ccmG
nac	ccmH
nac	cdaR
nac	cfa
nac	chaC
nac	chiX
nac	chpB
nac	chpS
nac	clpS
nac	cobS
nac	cobT
nac	cobU
nac	codA
nac	codB
nac	comR
nac	cpdB
nac	csgD
nac	csgE
nac	csgF
nac	csgG
nac	csiE
nac	cspC
nac	cspI
nac	csrB
nac	cyaR
nac	cydA
nac	cydB
nac	cynR
nac	cyoA
nac	cyoB
nac	cyoC
nac	cyoD
nac	cyoE
nac	cysA
nac	cysB
nac	cysH
nac	cysI
nac	cysJ
nac	cysM
nac	cysP
nac	cysS
nac	cysU
nac	cysW
nac	dadA
nac	dadX
nac	dapB
nac	dctR
nac	dcuB
nac	def
nac	dgcP
nac	dhaK
nac	dhaL
nac	dhaM
nac	dhaR
nac	dmsD
nac	dnaA
nac	dnaN
nac	dnaQ
nac	dppA
nac	dppB
nac	dppC
nac	dppD
nac	dppF
nac	dsdA
nac	dsdX
nac	dtpA
nac	ebgA
nac	ebgC
nac	ecnB
nac	efp
nac	elaB
nac	emrA
nac	emrB
nac	emrK
nac	emrY
nac	envZ
nac	evgA
nac	evgS
nac	exuT
nac	fadR
nac	fdnG
nac	fdnH
nac	fdnI
nac	feaB
nac	feaR
nac	fhuF
nac	fimE
nac	fiu
nac	flhC
nac	flhD
nac	fliD
nac	fliF
nac	fliG
nac	fliH
nac	fliI
nac	fliJ
nac	fliK
nac	fliS
nac	fliT
nac	fmt
nac	frdA
nac	frdB
nac	frdC
nac	frdD
nac	ftnB
nac	fumB
nac	fumE
nac	gabD
nac	gabP
nac	gabT
nac	gcvB
nac	gcvH
nac	gcvP
nac	gcvT
nac	gdhA
nac	glaH
nac	glgA
nac	glgB
nac	glgC
nac	glgP
nac	glgX
nac	glmZ
nac	glnA
nac	glnD
nac	glnG
nac	glnL
nac	glpD
nac	glpE
nac	glpF
nac	glpG
nac	glpK
nac	glpR
nac	glpX
nac	gltA
nac	gltB
nac	gltD
nac	gltF
nac	gltI
nac	gltJ
nac	gltK
nac	gltL
nac	gltU
nac	gltW
nac	glyQ
nac	glyS
nac	glyU
nac	gnd
nac	gnsA
nac	gntR
nac	gpmA
nac	groL
nac	groS
nac	gspA
nac	gspB
nac	gyrB
nac	hchA
nac	hdeD
nac	hisA
nac	hisB
nac	hisC
nac	hisD
nac	hisF
nac	hisG
nac	hisH
nac	hisI
nac	hisL
nac	hokE
nac	htpX
nac	hydN
nac	hypF
nac	icd
nac	ihfA
nac	ileT
nac	ileU
nac	ilvA
nac	ilvD
nac	ilvE
nac	ilvG
nac	ilvL
nac	ilvM
nac	ilvX
nac	infC
nac	iraM
nac	katG
nac	kbl
nac	kbp
nac	kdsA
nac	lacA
nac	lacY
nac	lacZ
nac	leuO
nac	lhgD
nac	livF
nac	livG
nac	livH
nac	livK
nac	livM
nac	lnt
nac	lpxL
nac	lrp
nac	lysP
nac	lysR
nac	lysU
nac	malT
nac	marC
nac	mcaS
nac	mdtA
nac	mdtB
nac	mdtC
nac	mdtD
nac	mepS
nac	metA
nac	metG
nac	metV
nac	metW
nac	metZ
nac	mfd
nac	mglA
nac	mglB
nac	mglC
nac	mgrB
nac	micC
nac	micF
nac	mioC
nac	mnmG
nac	moaB
nac	moaC
nac	moaD
nac	moaE
nac	mobA
nac	mobB
nac	moeA
nac	moeB
nac	mprA
nac	msrA
nac	nac
nac	nanA
nac	nanE
nac	nanK
nac	nanT
nac	napA
nac	napB
nac	napC
nac	napD
nac	napF
nac	napG
nac	napH
nac	narK
nac	narU
nac	nfo
nac	nrdA
nac	nrdB
nac	nupC
nac	obgE
nac	ohsC
nac	ompA
nac	ompF
nac	ompR
nac	ompT
nac	oppA
nac	oppB
nac	oppC
nac	oppD
nac	oppF
nac	osmB
nac	osmY
nac	patD
nac	pck
nac	pcm
nac	pdeC
nac	pdeF
nac	pfkA
nac	pfkB
nac	pgaA
nac	pgaB
nac	pgaC
nac	pgaD
nac	pgi
nac	pheA
nac	pheL
nac	pheM
nac	pheS
nac	pheT
nac	phoA
nac	phoB
nac	phoH
nac	phoR
nac	phoU
nac	pitA
nac	pitB
nac	pnp
nac	pntA
nac	pntB
nac	ppc
nac	pphA
nac	preA
nac	preT
nac	proL
nac	prpB
nac	prpC
nac	prpD
nac	prpE
nac	psiF
nac	pstA
nac	pstB
nac	pstC
nac	pstS
nac	purA
nac	putA
nac	pykF
nac	pyrB
nac	pyrI
nac	pyrL
nac	radA
nac	rclA
nac	rclB
nac	rclC
nac	rcsA
nac	recF
nac	recG
nac	rep
nac	rfaD
nac	rfbA
nac	rfbC
nac	rfbX
nac	ribB
nac	rimL
nac	rnhA
nac	rnlA
nac	rnlB
nac	rnpA
nac	rplT
nac	rplU
nac	rpmA
nac	rpmH
nac	rpmI
nac	rpoZ
nac	rpsB
nac	rpsO
nac	rraB
nac	rrfA
nac	rrfC
nac	rrfD
nac	rrfF
nac	rrfG
nac	rrlA
nac	rrlC
nac	rrlD
nac	rrlG
nac	rrsA
nac	rrsC
nac	rrsD
nac	rrsG
nac	rsd
nac	rseX
nac	rydC
nac	ryhB
nac	ryjB
nac	sdaA
nac	sdiA
nac	sdsN
nac	sdsR
nac	selD
nac	serA
nac	serB
nac	serX
nac	shiA
nac	slp
nac	spf
nac	spoT
nac	spy
nac	sroC
nac	sroG
nac	ssuA
nac	ssuB
nac	ssuC
nac	ssuD
nac	ssuE
nac	sucA
nac	sucB
nac	sucC
nac	sucD
nac	sufA
nac	sufB
nac	sufC
nac	sufD
nac	sufE
nac	sufS
nac	symE
nac	symR
nac	tauA
nac	tauB
nac	tauC
nac	tauD
nac	tdcA
nac	tdcB
nac	tdcC
nac	tdcD
nac	tdcE
nac	tdcF
nac	tdcG
nac	tdh
nac	tff
nac	thrS
nac	thrV
nac	tnaA
nac	tnaB
nac	tnaC
nac	topB
nac	tpiA
nac	trhO
nac	trmH
nac	trpR
nac	tsf
nac	tyrA
nac	tyrB
nac	ubiA
nac	ubiC
nac	uhpB
nac	umpG
nac	uspG
nac	uvrC
nac	uvrY
nac	uxuA
nac	uxuB
nac	waaC
nac	waaF
nac	waaL
nac	wcaA
nac	wcaB
nac	wza
nac	wzb
nac	wzc
nac	xapA
nac	xapB
nac	xapR
nac	yadC
nac	yafD
nac	yafE
nac	yafV
nac	yaiZ
nac	ybeX
nac	ybeY
nac	ybeZ
nac	ybjP
nac	ybjX
nac	yciT
nac	yciZ
nac	ydcI
nac	ydcS
nac	ydcT
nac	ydcU
nac	ydcV
nac	ydeA
nac	ydeJ
nac	ydeP
nac	ydeQ
nac	ydhT
nac	ydhU
nac	ydhV
nac	ydhW
nac	ydhX
nac	ydhY
nac	ydiU
nac	ydjA
nac	yeaG
nac	yeaH
nac	yegH
nac	yegR
nac	yegZ
nac	yejG
nac	yfaE
nac	yfeK
nac	yfeS
nac	yfhL
nac	ygeA
nac	ygeV
nac	yggC
nac	yggE
nac	yghF
nac	ygiM
nac	ygiZ
nac	yhbE
nac	yhcH
nac	yhdW
nac	yhdX
nac	yhdY
nac	yhdZ
nac	yhiM
nac	yibA
nac	yjcS
nac	ynfE
nac	ynfF
nac	ynfG
nac	ynfH
nac	yniB
nac	ynjF
nac	ynjH
nac	yobF
nac	yqaE
nac	yrdA
nac	ytfB
nac	ytfJ
nadR	pncB
nagC	arcA
nagC	chbA
nagC	chbB
nagC	chbC
nagC	chbF
nagC	chbG
nagC	chbR
nagC	chiP
nagC	chiQ
nagC	dtpA
nagC	galP
nagC	glmS
nagC	glmU
nagC	manX
nagC	manY
nagC	manZ
nagC	metG
nagC	micC
nagC	nagA
nagC	nagB
nagC	nagC
nagC	nagE
nagC	nanC
nagC	nanM
nagC	nanS
nagC	tdcA
nagC	tdcB
nagC	tdcC
nagC	tdcD
nagC	tdcE
nagC	tdcF
nagC	tdcG
nagC	umpH
nagC	yfeC
nagC	yfeD
nagC	zntA
narL	ansP
narL	arcB
narL	cspA
narL	cyoA
narL	cyoB
narL	cyoC
narL	cyoD
narL	cyoE
narL	dcuB
narL	dtpA
narL	fumB
narL	gnsA
narL	iraM
narL	nrfA
narL	nrfB
narL	nrfC
narL	nrfD
narL	nrfE
narL	nrfF
narL	nrfG
narL	ompT
narL	pdeL
narL	ssuA
narL	ssuB
narL	ssuC
narL	ssuD
narL	ssuE
narL	tauA
narL	tauB
narL	tauC
narL	tauD
narL	uxaA
narL	uxaC
narL	ydhT
narL	ydhU
narL	ydhV
narL	ydhW
narL	ydhX
narL	ydhY
narL	yhjR
narP	acs
narP	actP
narP	arcB
narP	caiA
narP	caiB
narP	caiC
narP	caiD
narP	caiE
narP	caiT
narP	dmsD
narP	yjcH
narP	ynfE
narP	ynfF
narP	ynfG
narP	ynfH
nikR	dhaR
norR	norR
nrdR	dhaR
nrdR	nrdA
nrdR	nrdB
nrdR	nrdD
nrdR	nrdG
nrdR	yfaE
nrdR	ygaC
nsrR	feaR
nsrR	grxD
nsrR	hcp
nsrR	hcr
nsrR	hmp
nsrR	poxB
nsrR	ytfE
ompR	araA
ompR	araB
ompR	araC
ompR	araD
ompR	argF
ompR	ariR
ompR	borD
ompR	chaC
ompR	chiP
ompR	chiQ
ompR	csgD
ompR	csgE
ompR	csgF
ompR	csgG
ompR	cstA
ompR	dgcC
ompR	dhaK
ompR	dhaL
ompR	dhaM
ompR	dhaR
ompR	dsbA
ompR	dtpA
ompR	essD
ompR	fecI
ompR	fecR
ompR	fiu
ompR	flhC
ompR	flhD
ompR	gabD
ompR	gabP
ompR	gabT
ompR	glaH
ompR	glnA
ompR	glnG
ompR	glnL
ompR	hchA
ompR	lamB
ompR	lhgD
ompR	malK
ompR	malM
ompR	malT
ompR	narU
ompR	nrdA
ompR	nrdB
ompR	ompC
ompR	ompF
ompR	omrB
ompR	patA
ompR	pphA
ompR	ptsG
ompR	rrrD
ompR	ryhB
ompR	rzpD
ompR	sdsR
ompR	srkA
ompR	yccT
ompR	ycgZ
ompR	ydhI
ompR	ydhJ
ompR	ydhK
ompR	yfaE
ompR	ymgA
ompR	ymgC
paaX	paaA
paaX	paaB
paaX	paaC
paaX	paaD
paaX	paaE
paaX	paaF
paaX	paaG
paaX	paaH
paaX	paaI
paaX	paaJ
paaX	paaK
paaX	paaZ
pdhR	accB
pdhR	accC
pdhR	aceE
pdhR	aceF
pdhR	acpP
pdhR	aes
pdhR	alaT
pdhR	alaW
pdhR	alaX
pdhR	araE
pdhR	araF
pdhR	araG
pdhR	araH
pdhR	aroD
pdhR	astA
pdhR	astB
pdhR	astC
pdhR	astD
pdhR	astE
pdhR	borD
pdhR	ccp
pdhR	cdsA
pdhR	cfa
pdhR	cyoA
pdhR	cyoB
pdhR	cyoC
pdhR	cyoD
pdhR	cyoE
pdhR	dctA
pdhR	dhaR
pdhR	exuT
pdhR	fabF
pdhR	fadI
pdhR	fadJ
pdhR	fadL
pdhR	fdhF
pdhR	fkpA
pdhR	fpr
pdhR	ftsH
pdhR	fusA
pdhR	gapA
pdhR	gcvA
pdhR	glcA
pdhR	glcB
pdhR	glcC
pdhR	glcD
pdhR	glcE
pdhR	glcF
pdhR	glcG
pdhR	gltU
pdhR	glyQ
pdhR	glyS
pdhR	gntP
pdhR	grcA
pdhR	gstB
pdhR	hcp
pdhR	hcr
pdhR	ileT
pdhR	iraM
pdhR	lldD
pdhR	lldP
pdhR	lldR
pdhR	lpd
pdhR	lpxL
pdhR	luxS
pdhR	malT
pdhR	mbiA
pdhR	mpl
pdhR	nanA
pdhR	nanE
pdhR	nanK
pdhR	nanT
pdhR	ndh
pdhR	ompW
pdhR	osmE
pdhR	pdhR
pdhR	pepT
pdhR	pntA
pdhR	pntB
pdhR	pspF
pdhR	pth
pdhR	purE
pdhR	purK
pdhR	purT
pdhR	rimM
pdhR	rlmE
pdhR	rlmL
pdhR	rplS
pdhR	rpsG
pdhR	rpsL
pdhR	rpsP
pdhR	rrfA
pdhR	rrfC
pdhR	rrlA
pdhR	rrlC
pdhR	rrsA
pdhR	rrsC
pdhR	rtcR
pdhR	rybB
pdhR	sbcB
pdhR	shiA
pdhR	sohB
pdhR	spf
pdhR	ssuA
pdhR	ssuB
pdhR	ssuC
pdhR	ssuD
pdhR	ssuE
pdhR	sthA
pdhR	torA
pdhR	torC
pdhR	torD
pdhR	tqsA
pdhR	trmA
pdhR	trmD
pdhR	tufA
pdhR	tyrR
pdhR	uppS
pdhR	uup
pdhR	uxaA
pdhR	uxaB
pdhR	uxaC
pdhR	uxuA
pdhR	uxuB
pdhR	yadC
pdhR	yccT
pdhR	ychF
pdhR	ycjF
pdhR	ycjX
pdhR	ydeQ
pdhR	ydhI
pdhR	ydhJ
pdhR	ydhK
pdhR	ygeA
pdhR	yhcH
pdhR	yhfK
pdhR	zinT
pepA	carA
pepA	carB
pepA	tatA
pepA	tatB
pepA	tatC
pepA	tatD
perR	cyoA
perR	cyoB
perR	cyoC
perR	cyoD
perR	cyoE
perR	dtpA
perR	ssuA
perR	ssuB
perR	ssuC
perR	ssuD
perR	ssuE
phnF	ansP
phnF	cspA
phnF	csrB
phnF	cyoA
phnF	cyoB
phnF	cyoC
phnF	cyoD
phnF	cyoE
phnF	fhlA
phnF	hycA
phnF	hycB
phnF	hycC
phnF	hycD
phnF	hycE
phnF	hycF
phnF	hycG
phnF	hycH
phnF	hycI
phnF	hypA
phnF	hypB
phnF	hypC
phnF	hypD
phnF	hypE
phnF	priB
phnF	rplI
phnF	rpsF
phnF	rpsR
phnF	ssuA
phnF	ssuB
phnF	ssuC
phnF	ssuD
phnF	ssuE
phnF	uxaB
phnF	yhjR
phoB	cpdB
phoB	phoU
phoB	pstA
phoB	pstB
phoB	pstC
phoB	pstS
phoP	arcZ
phoP	borD
phoP	cadC
phoP	glk
phoP	gntR
phoP	hipA
phoP	hipB
phoP	lpxT
phoP	mbiA
phoP	mgrR
phoP	mgtA
phoP	mgtL
phoP	ompT
phoP	pdeR
phoP	pphA
phoP	sdsR
phoP	treR
phoP	ybjX
phoP	yoaE
phoP	yrbL
pspF	pspF
pspF	pspG
purR	bepA
purR	carA
purR	carB
purR	cpdB
purR	csrC
purR	cvpA
purR	dhaR
purR	glyA
purR	phnC
purR	phnD
purR	phnE
purR	phnF
purR	phnG
purR	phnH
purR	phnI
purR	phnJ
purR	phnK
purR	phnL
purR	phnM
purR	phnN
purR	phnO
purR	phnP
purR	purC
purR	purD
purR	purE
purR	purF
purR	purH
purR	purK
purR	purL
purR	purM
purR	purN
purR	purT
purR	pyrD
purR	rprA
purR	ryjA
purR	ubiX
purR	yfgD
putA	csrB
rcnR	fdnG
rcnR	fdnH
rcnR	fdnI
rcnR	fumE
rcnR	oppA
rcnR	oppB
rcnR	oppC
rcnR	oppD
rcnR	oppF
rcnR	rplQ
rcnR	rpoA
rcnR	rpsD
rcnR	rpsK
rcnR	rpsM
rcnR	yggC
rcsA	araJ
rcsA	aslB
rcsA	cedA
rcsA	cspA
rcsA	exbB
rcsA	exbD
rcsA	fhuF
rcsA	gapA
rcsA	glnA
rcsA	glnG
rcsA	glnL
rcsA	glrK
rcsA	ilvA
rcsA	ilvD
rcsA	ilvE
rcsA	insK
rcsA	leuA
rcsA	leuB
rcsA	leuC
rcsA	leuD
rcsA	leuL
rcsA	rnhA
rcsA	ryhB
rcsA	spf
rcsA	wcaA
rcsA	wcaB
rcsA	wza
rcsA	wzb
rcsA	wzc
rcsA	ydeJ
rcsB	flhC
rcsB	flhD
rcsB	gnsA
rcsB	ompA
rcsB	osmF
rcsB	pdeL
rcsB	phoA
rcsB	psiF
rcsB	yehW
rcsB	yehX
rcsB	yehY
rcsB	yhiM
relB	hokD
relB	manX
relB	manY
relB	manZ
relB	relB
relB	relE
relB	yfeC
relB	yfeD
rhaR	dhaR
rob	adhE
rob	agp
rob	ariR
rob	cspC
rob	csrB
rob	csrC
rob	degQ
rob	dsbA
rob	fhuF
rob	focA
rob	fxsA
rob	gcvH
rob	gcvP
rob	gcvT
rob	glgS
rob	glk
rob	ilvA
rob	ilvD
rob	ilvE
rob	ilvG
rob	ilvL
rob	ilvM
rob	ilvX
rob	leuA
rob	leuB
rob	leuC
rob	leuD
rob	leuL
rob	marA
rob	marB
rob	marR
rob	mdh
rob	mhpA
rob	mhpB
rob	mhpC
rob	mhpD
rob	mhpE
rob	mhpF
rob	micF
rob	mlaA
rob	nuoA
rob	nuoB
rob	nuoC
rob	nuoE
rob	nuoF
rob	nuoG
rob	nuoH
rob	nuoI
rob	nuoJ
rob	nuoK
rob	nuoL
rob	nuoM
rob	nuoN
rob	nupG
rob	pflB
rob	pheP
rob	ppk
rob	ppx
rob	ribB
rob	shiA
rob	srkA
rob	sroG
rob	ycgZ
rob	yfcD
rob	yidQ
rob	ykgR
rob	ymgA
rob	ymgC
rob	yobF
rob	yrbL
rutR	carA
rutR	carB
rutR	cca
rutR	gloA
rutR	hupB
rutR	nemA
rutR	nemR
rutR	rutR
rutR	uvrD
rutR	ygiM
sdiA	agaA
sdiA	agaB
sdiA	agaC
sdiA	agaD
sdiA	agaI
sdiA	agaS
sdiA	agaV
sdiA	agaW
sdiA	cbpA
sdiA	cbpM
sdiA	cspA
sdiA	csrB
sdiA	cyoA
sdiA	cyoB
sdiA	cyoC
sdiA	cyoD
sdiA	cyoE
sdiA	dcuC
sdiA	dnaG
sdiA	dps
sdiA	fecI
sdiA	fecR
sdiA	glrK
sdiA	gltT
sdiA	gltU
sdiA	gnsA
sdiA	hycA
sdiA	hycB
sdiA	hycC
sdiA	hycD
sdiA	hycE
sdiA	hycF
sdiA	hycG
sdiA	hycH
sdiA	hycI
sdiA	ilvA
sdiA	ilvD
sdiA	ilvE
sdiA	ilvG
sdiA	ilvL
sdiA	ilvM
sdiA	ilvX
sdiA	infB
sdiA	kbaY
sdiA	kbaZ
sdiA	leuO
sdiA	mntS
sdiA	nusA
sdiA	pdeF
sdiA	priB
sdiA	proP
sdiA	rimP
sdiA	rplA
sdiA	rplI
sdiA	rplJ
sdiA	rplK
sdiA	rplL
sdiA	rpoB
sdiA	rpoC
sdiA	rpoD
sdiA	rpsF
sdiA	rpsR
sdiA	rpsU
sdiA	rrfB
sdiA	rrfC
sdiA	rrlB
sdiA	rrlC
sdiA	rrsB
sdiA	rrsC
sdiA	rybA
sdiA	ryeA
sdiA	spf
sdiA	ssuA
sdiA	ssuB
sdiA	ssuC
sdiA	ssuD
sdiA	ssuE
sdiA	xseA
sdiA	yhhY
sdiA	yhjR
slyA	cfa
slyA	cspA
slyA	evgA
slyA	evgS
slyA	fimB
slyA	flu
slyA	isrC
slyA	lldD
slyA	lldP
slyA	lldR
slyA	mdh
slyA	murP
slyA	murQ
slyA	ryhB
slyA	ydhI
slyA	ydhJ
slyA	ydhK
soxR	araJ
soxR	baeR
soxR	baeS
soxR	cspA
soxR	csrC
soxR	dcuC
soxR	def
soxR	dhaR
soxR	fhuF
soxR	fmt
soxR	glnA
soxR	glnG
soxR	glnL
soxR	glrK
soxR	gnsA
soxR	ilvA
soxR	ilvD
soxR	ilvE
soxR	ilvG
soxR	ilvL
soxR	ilvM
soxR	ilvX
soxR	insK
soxR	mdtA
soxR	mdtB
soxR	mdtC
soxR	mdtD
soxR	pepA
soxR	pheA
soxR	pheL
soxR	tauA
soxR	tauB
soxR	tauC
soxR	tauD
soxS	ahpC
soxS	ahpF
soxS	ariR
soxS	dtpA
soxS	fimB
soxS	glk
soxS	gltW
soxS	glyT
soxS	mdh
soxS	micF
soxS	ompC
soxS	pdeF
soxS	pheP
soxS	rrfG
soxS	rrlG
soxS	rrsG
soxS	sodA
soxS	thrT
soxS	thrU
soxS	tufB
soxS	tyrU
soxS	ycgZ
soxS	ymgA
soxS	ymgC
stpA	acnA
stpA	acrE
stpA	acrF
stpA	adeD
stpA	adiA
stpA	adiY
stpA	agp
stpA	ahpC
stpA	ahpF
stpA	alaA
stpA	alaC
stpA	aldB
stpA	allC
stpA	allD
stpA	allE
stpA	ansP
stpA	appY
stpA	araE
stpA	araF
stpA	araG
stpA	araH
stpA	argU
stpA	ariR
stpA	aroD
stpA	aroF
stpA	arrS
stpA	asnU
stpA	asr
stpA	atpA
stpA	atpB
stpA	atpC
stpA	atpD
stpA	atpE
stpA	atpF
stpA	atpG
stpA	atpH
stpA	atpI
stpA	azuC
stpA	bdm
stpA	bglB
stpA	bglF
stpA	bglG
stpA	borD
stpA	bssS
stpA	cadA
stpA	cadB
stpA	cadC
stpA	cas1
stpA	cas2
stpA	casD
stpA	casE
stpA	cbpA
stpA	cbpM
stpA	chiA
stpA	chiP
stpA	chiQ
stpA	cobS
stpA	cobT
stpA	cobU
stpA	crfC
stpA	cspC
stpA	cydA
stpA	cydB
stpA	cyoA
stpA	cyoB
stpA	cyoC
stpA	cyoD
stpA	cyoE
stpA	dapE
stpA	dctR
stpA	dcuB
stpA	dcuC
stpA	dcuD
stpA	dcuR
stpA	dcuS
stpA	ddlB
stpA	degP
stpA	dgcT
stpA	dnaQ
stpA	dps
stpA	efp
stpA	elaB
stpA	emrK
stpA	emrY
stpA	fdnG
stpA	fdnH
stpA	fdnI
stpA	feoA
stpA	feoB
stpA	feoC
stpA	fixA
stpA	fixB
stpA	fixC
stpA	fixX
stpA	flhC
stpA	flhD
stpA	fliF
stpA	fliG
stpA	fliH
stpA	fliI
stpA	fliJ
stpA	fliK
stpA	focA
stpA	frc
stpA	frdA
stpA	frdB
stpA	frdC
stpA	frdD
stpA	ftnB
stpA	ftsA
stpA	ftsI
stpA	ftsL
stpA	ftsQ
stpA	ftsW
stpA	ftsZ
stpA	fucA
stpA	fucO
stpA	fumB
stpA	fumE
stpA	gabD
stpA	gabP
stpA	gabT
stpA	gadA
stpA	gadB
stpA	gadC
stpA	gadW
stpA	gadX
stpA	galF
stpA	garK
stpA	garL
stpA	garP
stpA	garR
stpA	glaH
stpA	glgS
stpA	glmZ
stpA	glyQ
stpA	glyS
stpA	glyT
stpA	glyU
stpA	gnd
stpA	gnsA
stpA	gspA
stpA	gspB
stpA	hchA
stpA	hlyE
stpA	hns
stpA	htrE
stpA	hybA
stpA	hybB
stpA	hybC
stpA	hybD
stpA	hybE
stpA	hybF
stpA	hybG
stpA	hybO
stpA	idlP
stpA	ihfA
stpA	ilvH
stpA	ilvI
stpA	infC
stpA	insK
stpA	iraD
stpA	iraM
stpA	katE
stpA	kbp
stpA	kdpA
stpA	kdpB
stpA	kdpC
stpA	kdpF
stpA	leuO
stpA	lhgD
stpA	livF
stpA	livG
stpA	livH
stpA	livK
stpA	livM
stpA	lpxC
stpA	mdh
stpA	metG
stpA	metH
stpA	micC
stpA	mraY
stpA	mraZ
stpA	murC
stpA	murD
stpA	murE
stpA	murF
stpA	murG
stpA	narG
stpA	narH
stpA	narI
stpA	narJ
stpA	narP
stpA	narU
stpA	nei
stpA	nhaA
stpA	nhaR
stpA	nlpA
stpA	nrdA
stpA	nrdB
stpA	ohsC
stpA	ompC
stpA	ompT
stpA	ompW
stpA	opgG
stpA	opgH
stpA	osmB
stpA	osmC
stpA	oxc
stpA	pck
stpA	pdeF
stpA	pdeL
stpA	pfkB
stpA	pflB
stpA	pgaA
stpA	pgaB
stpA	pgaC
stpA	pgaD
stpA	pgi
stpA	pheM
stpA	pheS
stpA	pheT
stpA	phoA
stpA	phoE
stpA	phr
stpA	pitA
stpA	pitB
stpA	ppsA
stpA	preA
stpA	preT
stpA	proV
stpA	proW
stpA	proX
stpA	psiF
stpA	pspG
stpA	pxpA
stpA	pxpB
stpA	pxpC
stpA	rclA
stpA	rclB
stpA	rclC
stpA	rcsA
stpA	rcsB
stpA	rcsD
stpA	rfaD
stpA	rfbA
stpA	rfbC
stpA	rfbX
stpA	ribB
stpA	rihB
stpA	rlmL
stpA	rnhA
stpA	rnpB
stpA	rplT
stpA	rpmI
stpA	rraB
stpA	rseX
stpA	rsmH
stpA	rtcA
stpA	rtcB
stpA	ryhB
stpA	safA
stpA	sbmA
stpA	shiA
stpA	slp
stpA	spy
stpA	sra
stpA	sroG
stpA	ssuA
stpA	ssuB
stpA	ssuC
stpA	ssuD
stpA	ssuE
stpA	stpA
stpA	symE
stpA	tauA
stpA	tauB
stpA	tauC
stpA	tauD
stpA	tdcA
stpA	tdcB
stpA	tdcC
stpA	tdcD
stpA	tdcE
stpA	tdcF
stpA	tdcG
stpA	thrS
stpA	thrT
stpA	thrU
stpA	tonB
stpA	tpiA
stpA	tqsA
stpA	treA
stpA	ttdR
stpA	tufB
stpA	tyrA
stpA	tyrP
stpA	tyrR
stpA	tyrU
stpA	ubiA
stpA	ubiC
stpA	uidR
stpA	umuC
stpA	umuD
stpA	uup
stpA	waaC
stpA	waaF
stpA	waaL
stpA	wcaA
stpA	wcaB
stpA	wza
stpA	wzb
stpA	wzc
stpA	xapA
stpA	xapB
stpA	xapR
stpA	xylA
stpA	xylB
stpA	yadC
stpA	yadV
stpA	yahE
stpA	yahO
stpA	yaiW
stpA	ybfG
stpA	ybgA
stpA	ybgI
stpA	yceI
stpA	yceJ
stpA	ycgZ
stpA	yciE
stpA	yciF
stpA	yciG
stpA	ycjF
stpA	ycjX
stpA	ydeA
stpA	ydeJ
stpA	ydeO
stpA	ydeP
stpA	ydeQ
stpA	ydhI
stpA	ydhJ
stpA	ydhK
stpA	ydhT
stpA	ydhU
stpA	ydhV
stpA	ydhW
stpA	ydhX
stpA	ydhY
stpA	ydiP
stpA	ydiU
stpA	yeaL
stpA	yecF
stpA	yegH
stpA	yegR
stpA	yegZ
stpA	yfaE
stpA	yfdE
stpA	yfdV
stpA	yfdX
stpA	yffB
stpA	ygbK
stpA	ygeA
stpA	ygeV
stpA	yggC
stpA	yghF
stpA	yhdW
stpA	yhdX
stpA	yhdY
stpA	yhdZ
stpA	yhjR
stpA	yicI
stpA	yicJ
stpA	yidL
stpA	yihG
stpA	yjbE
stpA	yjbF
stpA	yjbG
stpA	yjbH
stpA	yjcS
stpA	yjcZ
stpA	yjhC
stpA	yjjP
stpA	ykgR
stpA	ymgA
stpA	ymgC
stpA	ymiC
stpA	ynjH
stpA	yobF
stpA	ypfN
stpA	yqaE
stpA	ytfK
stpA	ytiC
stpA	ytiD
tdcA	dhaR
torR	sdhA
torR	sdhB
torR	sdhC
torR	sdhD
torR	sdhX
torR	sucA
torR	sucB
torR	sucC
torR	sucD
torR	torR
trpR	araF
trpR	araG
trpR	araH
trpR	aroH
trpR	aroL
trpR	aroM
trpR	trpA
trpR	trpB
trpR	trpC
trpR	trpD
trpR	trpE
trpR	trpL
trpR	trpR
trpR	yaiA
trpR	yecR
ttdR	aslB
ttdR	gltU
ttdR	infB
ttdR	mepS
ttdR	metA
ttdR	nusA
ttdR	pheA
ttdR	pheL
ttdR	rimP
ttdR	rnhA
ttdR	rplQ
ttdR	rpoA
ttdR	rpsD
ttdR	rpsK
ttdR	rpsM
ttdR	rrfC
ttdR	rrlC
ttdR	rrsC
ttdR	sibC
ttk	amiB
ttk	araJ
ttk	atpA
ttk	atpB
ttk	atpC
ttk	atpD
ttk	atpE
ttk	atpF
ttk	atpG
ttk	atpH
ttk	atpI
ttk	cca
ttk	csrC
ttk	dctA
ttk	galR
ttk	hflC
ttk	hflK
ttk	hflX
ttk	hfq
ttk	miaA
ttk	mutL
ttk	nnr
ttk	tsaE
ttk	tyrB
ttk	yafD
ttk	yafE
ttk	ygiM
ttk	yhjX
tyrR	adiY
tyrR	allB
tyrR	allS
tyrR	aroF
tyrR	aroL
tyrR	aroM
tyrR	aroP
tyrR	dhaR
tyrR	gcl
tyrR	glxK
tyrR	glxR
tyrR	hyi
tyrR	istR
tyrR	lacA
tyrR	lacY
tyrR	lacZ
tyrR	tyrA
tyrR	tyrB
tyrR	yaiA
tyrR	ybbW
tyrR	ybbY
tyrR	yjeV
uidR	uidA
uidR	uidB
uidR	uidC
ulaR	borD
ulaR	cvpA
ulaR	fiu
ulaR	galR
ulaR	glpF
ulaR	glpK
ulaR	glpX
ulaR	hdeD
ulaR	hokE
ulaR	manX
ulaR	manY
ulaR	manZ
ulaR	metG
ulaR	ompW
ulaR	purF
ulaR	rssA
ulaR	rssB
ulaR	ubiA
ulaR	ubiC
ulaR	ubiX
ulaR	ulaA
ulaR	ulaB
ulaR	ulaC
ulaR	ulaD
ulaR	ulaE
ulaR	ulaF
ulaR	ulaG
ulaR	umpH
ulaR	uvrC
ulaR	uvrY
ulaR	yfeC
ulaR	yfeD
ulaR	yggN
uvrY	csrB
uvrY	csrC
uxuR	uxuA
uxuR	uxuB
yafC	ackA
yafC	alaA
yafC	araC
yafC	aroF
yafC	borD
yafC	cdd
yafC	chpB
yafC	chpS
yafC	cobS
yafC	cobT
yafC	cobU
yafC	corA
yafC	dcuB
yafC	ddlB
yafC	dnaQ
yafC	fhlA
yafC	fhuE
yafC	fkpB
yafC	flhC
yafC	flhD
yafC	ftsA
yafC	ftsI
yafC	ftsL
yafC	ftsQ
yafC	ftsW
yafC	ftsZ
yafC	fumB
yafC	gadB
yafC	gadC
yafC	galF
yafC	glgS
yafC	gnd
yafC	gudD
yafC	gudP
yafC	gudX
yafC	hcaB
yafC	hcaC
yafC	hcaD
yafC	hcaE
yafC	hcaF
yafC	hcp
yafC	hcr
yafC	hypA
yafC	hypB
yafC	hypC
yafC	hypD
yafC	hypE
yafC	ileS
yafC	insK
yafC	ispH
yafC	kbl
yafC	ldhA
yafC	lepA
yafC	lepB
yafC	lpxC
yafC	lspA
yafC	mgrB
yafC	micL
yafC	mlc
yafC	mraY
yafC	mraZ
yafC	murC
yafC	murD
yafC	murE
yafC	murF
yafC	murG
yafC	mutM
yafC	narU
yafC	nlpA
yafC	ompC
yafC	oxyR
yafC	panF
yafC	patA
yafC	pepD
yafC	pheV
yafC	phoB
yafC	phoR
yafC	pitA
yafC	polB
yafC	prmA
yafC	psiE
yafC	purR
yafC	putP
yafC	radA
yafC	ribF
yafC	rlmL
yafC	rplQ
yafC	rpmB
yafC	rpmG
yafC	rpoA
yafC	rpsD
yafC	rpsK
yafC	rpsM
yafC	rsmH
yafC	sbcB
yafC	serB
yafC	tdh
yafC	tyrA
yafC	uspA
yafC	uup
yafC	uxaB
yafC	xapA
yafC	xapB
yafC	yafD
yafC	yafE
yafC	yceI
yafC	yceJ
yafC	yegR
yafC	yegZ
yafC	yffO
yafC	yffP
yafC	yggE
yafC	ygiZ
yafC	yhdT
yafC	yiaF
yafC	yicI
yafC	yicJ
yafC	yicR
yafC	yncE
yafN	adiY
yafN	appY
yafN	argU
yafN	ariR
yafN	aroF
yafN	arsB
yafN	arsC
yafN	arsR
yafN	bdm
yafN	cobS
yafN	cobT
yafN	cobU
yafN	crr
yafN	csgD
yafN	csgE
yafN	csgF
yafN	csgG
yafN	dkgA
yafN	dnaQ
yafN	erpA
yafN	fliD
yafN	fliS
yafN	fliT
yafN	galR
yafN	hyaA
yafN	hyaB
yafN	hyaC
yafN	hyaD
yafN	hyaE
yafN	hyaF
yafN	manX
yafN	manY
yafN	manZ
yafN	metG
yafN	micC
yafN	ompA
yafN	omrA
yafN	osmC
yafN	pflA
yafN	pheM
yafN	ptsH
yafN	ptsI
yafN	pykF
yafN	rplT
yafN	safA
yafN	shiA
yafN	shoB
yafN	sra
yafN	ssrA
yafN	talA
yafN	tauA
yafN	tauB
yafN	tauC
yafN	tauD
yafN	tdcA
yafN	tdcB
yafN	tdcC
yafN	tdcD
yafN	tdcE
yafN	tdcF
yafN	tdcG
yafN	tktB
yafN	tyrA
yafN	umpH
yafN	ung
yafN	uxaB
yafN	yadC
yafN	yafD
yafN	yafE
yafN	yafN
yafN	yafO
yafN	yafP
yafN	yccT
yafN	ycgZ
yafN	ydeO
yafN	yegR
yafN	yegZ
yafN	yfeC
yafN	yfeD
yafN	yjiA
yafN	yjiX
yafN	ymgA
yafN	ymgC
yafN	yqhD
yahB	yahE
ybaQ	aaeR
ybaQ	aes
ybaQ	bolA
ybaQ	cysH
ybaQ	cysI
ybaQ	cysJ
ybaQ	dnaA
ybaQ	dnaN
ybaQ	fumE
ybaQ	gdx
ybaQ	helD
ybaQ	ileX
ybaQ	osmY
ybaQ	recA
ybaQ	recF
ybaQ	recX
ybaQ	sibE
ybaQ	xapA
ybaQ	xapB
ybaQ	ybfG
ybaQ	yfeK
ybaQ	yfeS
ybaQ	yggC
ybaQ	yibA
ybaQ	zinT
ybcM	alaV
ybcM	hemW
ybcM	ileV
ybcM	murP
ybcM	murQ
ybcM	rdgB
ybcM	rpiA
ybcM	rrfH
ybcM	rrlH
ybcM	rrsH
ycgE	acpP
ycgE	ariR
ycgE	bluF
ycgE	cas1
ycgE	cas2
ycgE	casD
ycgE	casE
ycgE	csgD
ycgE	csgE
ycgE	csgF
ycgE	csgG
ycgE	fabF
ycgE	folK
ycgE	manX
ycgE	manY
ycgE	manZ
ycgE	metG
ycgE	mngA
ycgE	mngB
ycgE	ompA
ycgE	pcnB
ycgE	pheA
ycgE	pheL
ycgE	ppiD
ycgE	rnpB
ycgE	rplQ
ycgE	rpoA
ycgE	rpoB
ycgE	rpoC
ycgE	rpsD
ycgE	rpsK
ycgE	rpsM
ycgE	sibC
ycgE	sxy
ycgE	ycgZ
ycgE	yfeC
ycgE	yfeD
ycgE	ymgA
ycgE	ymgC
ycgE	yoaE
yciT	adhE
yciT	aldB
yciT	crfC
yciT	csrB
yciT	dhaR
yciT	pck
yciT	pdeR
yciT	pgaA
yciT	pgaB
yciT	pgaC
yciT	pgaD
yciT	rpiA
yciT	talA
yciT	tktB
yciT	yjcZ
ycjW	aceE
ycjW	aceF
ycjW	adiY
ycjW	aldA
ycjW	bacA
ycjW	baeR
ycjW	baeS
ycjW	can
ycjW	cvpA
ycjW	cyaA
ycjW	folK
ycjW	fumE
ycjW	gadB
ycjW	gadC
ycjW	glyV
ycjW	glyX
ycjW	glyY
ycjW	insK
ycjW	ldcC
ycjW	lpd
ycjW	mdtA
ycjW	mdtB
ycjW	mdtC
ycjW	mdtD
ycjW	mrcA
ycjW	narP
ycjW	nhaA
ycjW	nhaR
ycjW	ompF
ycjW	pcnB
ycjW	pdhR
ycjW	proK
ycjW	purF
ycjW	pyrB
ycjW	pyrI
ycjW	pyrL
ycjW	qseB
ycjW	qseC
ycjW	slyB
ycjW	tsaB
ycjW	ubiX
ycjW	udp
ycjW	uspB
ycjW	yceI
ycjW	yceJ
ycjW	ydcI
ycjW	yeaY
ycjW	yggC
ycjW	ygiZ
ycjW	yicI
ycjW	yicJ
ycjW	yrbL
ycjW	yzfA
ycjZ	mpaA
ycjZ	ycjY
ycjZ	ymjC
ycjZ	ymjD
ydcI	aceE
ydcI	aceF
ydcI	argR
ydcI	cspC
ydcI	cydA
ydcI	cydB
ydcI	cydC
ydcI	cydD
ydcI	dtpA
ydcI	efp
ydcI	gabD
ydcI	gabP
ydcI	gabT
ydcI	glaH
ydcI	glgS
ydcI	gltA
ydcI	leuO
ydcI	lhgD
ydcI	lldD
ydcI	lldP
ydcI	lldR
ydcI	lpd
ydcI	mepS
ydcI	mglA
ydcI	mglB
ydcI	mglC
ydcI	mntH
ydcI	mreB
ydcI	mreC
ydcI	mreD
ydcI	nhaA
ydcI	nhaR
ydcI	nupC
ydcI	pdhR
ydcI	phoA
ydcI	pphA
ydcI	psiF
ydcI	ryhB
ydcI	sdsR
ydcI	tdcA
ydcI	tdcB
ydcI	tdcC
ydcI	tdcD
ydcI	tdcE
ydcI	tdcF
ydcI	tdcG
ydcI	ubiA
ydcI	ubiC
ydcI	ybjX
ydcI	yhdW
ydcI	yhdX
ydcI	yhdY
ydcI	yhdZ
ydcI	yhjX
ydcI	yobF
ydcQ	dicB
ydcQ	insD-7
ydcQ	intQ
ydcQ	ydfD
ydcQ	ydfE
ydcR	aaeR
ydcR	appY
ydcR	atpA
ydcR	atpB
ydcR	atpC
ydcR	atpD
ydcR	atpE
ydcR	atpF
ydcR	atpG
ydcR	atpH
ydcR	atpI
ydcR	cbl
ydcR	cspC
ydcR	cyoA
ydcR	cyoB
ydcR	cyoC
ydcR	cyoD
ydcR	cyoE
ydcR	cytR
ydcR	dhaK
ydcR	dhaL
ydcR	dhaM
ydcR	ebgA
ydcR	ebgC
ydcR	fadI
ydcR	fadJ
ydcR	glpD
ydcR	glpE
ydcR	glpG
ydcR	glpR
ydcR	gntK
ydcR	gntU
ydcR	hyaA
ydcR	hyaB
ydcR	hyaC
ydcR	hyaD
ydcR	hyaE
ydcR	hyaF
ydcR	idnD
ydcR	idnO
ydcR	idnR
ydcR	idnT
ydcR	ihfA
ydcR	ilvA
ydcR	ilvD
ydcR	ilvE
ydcR	ilvG
ydcR	ilvL
ydcR	ilvM
ydcR	ilvX
ydcR	infC
ydcR	istR
ydcR	lysT
ydcR	lysW
ydcR	mdh
ydcR	mpaA
ydcR	nfeF
ydcR	nfeR
ydcR	nikA
ydcR	nikB
ydcR	nikC
ydcR	nikD
ydcR	nikE
ydcR	nikR
ydcR	nudB
ydcR	nupC
ydcR	patD
ydcR	pfkA
ydcR	pheM
ydcR	pheS
ydcR	pheT
ydcR	phoH
ydcR	phoU
ydcR	phr
ydcR	pstA
ydcR	pstB
ydcR	pstC
ydcR	pstS
ydcR	pyrE
ydcR	rimL
ydcR	rimO
ydcR	rnlA
ydcR	rnlB
ydcR	rph
ydcR	rplL
ydcR	rplT
ydcR	rpmI
ydcR	ruvC
ydcR	sbcB
ydcR	shiA
ydcR	ssrA
ydcR	ssuA
ydcR	ssuB
ydcR	ssuC
ydcR	ssuD
ydcR	ssuE
ydcR	talA
ydcR	thrS
ydcR	tktB
ydcR	treA
ydcR	tsx
ydcR	ubiA
ydcR	ubiC
ydcR	valT
ydcR	yafD
ydcR	yafE
ydcR	ybgA
ydcR	ycjY
ydcR	ydcS
ydcR	ydcT
ydcR	ydcU
ydcR	ydcV
ydcR	yebC
ydcR	yibA
ydcR	yjhC
ydcR	ymjC
ydcR	ymjD
ydcR	yobF
yddM	btsT
yddM	chpB
yddM	chpS
yddM	fadR
yddM	luxS
yddM	phoB
yddM	phoR
yddM	yadC
yddM	ynjH
yddM	ytfJ
ydfH	yahO
ydhM	gloA
ydhM	nemA
ydhM	nemR
ydjF	alaC
ydjF	dppA
ydjF	dppB
ydjF	dppC
ydjF	dppD
ydjF	dppF
ydjF	dtpA
ydjF	galF
ydjF	gapA
ydjF	glpF
ydjF	glpK
ydjF	glpX
ydjF	manX
ydjF	manY
ydjF	manZ
ydjF	metG
ydjF	omrA
ydjF	tdcA
ydjF	tdcB
ydjF	tdcC
ydjF	tdcD
ydjF	tdcE
ydjF	tdcF
ydjF	tdcG
ydjF	umpH
ydjF	yfeC
ydjF	yfeD
yeaM	nimR
yeaT	leuE
yebK	dhaR
yebK	glnA
yebK	glnG
yebK	glnL
yebK	kdpA
yebK	kdpB
yebK	kdpC
yebK	kdpF
yebK	spf
yebK	yffO
yebK	yffP
yebK	zwf
yefM	hisA
yefM	hisB
yefM	hisC
yefM	hisD
yefM	hisF
yefM	hisG
yefM	hisH
yefM	hisI
yefM	hisL
yegW	fbaB
yeiE	accB
yeiE	accC
yeiE	ackA
yeiE	ada
yeiE	ahpC
yeiE	ahpF
yeiE	alaT
yeiE	alkB
yeiE	araA
yeiE	araB
yeiE	araC
yeiE	araD
yeiE	arcA
yeiE	argU
yeiE	asnT
yeiE	atpA
yeiE	atpB
yeiE	atpC
yeiE	atpD
yeiE	atpE
yeiE	atpF
yeiE	atpG
yeiE	atpH
yeiE	atpI
yeiE	betA
yeiE	betB
yeiE	betI
yeiE	bluF
yeiE	cadC
yeiE	clpX
yeiE	cspA
yeiE	cspC
yeiE	cspI
yeiE	csqR
yeiE	cysC
yeiE	cysD
yeiE	cysH
yeiE	cysI
yeiE	cysJ
yeiE	cysN
yeiE	dapB
yeiE	def
yeiE	dgcP
yeiE	dgt
yeiE	dmsA
yeiE	dmsB
yeiE	dmsC
yeiE	dsdA
yeiE	dsdX
yeiE	ebgA
yeiE	ebgC
yeiE	fabA
yeiE	fhuA
yeiE	fhuB
yeiE	fhuC
yeiE	fhuD
yeiE	fhuE
yeiE	fic
yeiE	fkpA
yeiE	flu
yeiE	fmt
yeiE	gloA
yeiE	glpF
yeiE	glpK
yeiE	glpX
yeiE	gltB
yeiE	gltD
yeiE	gltF
yeiE	grxD
yeiE	gspA
yeiE	gspB
yeiE	guaA
yeiE	guaB
yeiE	hemF
yeiE	hmp
yeiE	hokD
yeiE	htpG
yeiE	hupA
yeiE	ileT
yeiE	ilvA
yeiE	ilvD
yeiE	ilvE
yeiE	ilvG
yeiE	ilvL
yeiE	ilvM
yeiE	ilvX
yeiE	inaA
yeiE	infA
yeiE	isrC
yeiE	lon
yeiE	lrp
yeiE	lysP
yeiE	metG
yeiE	metV
yeiE	metW
yeiE	metZ
yeiE	micA
yeiE	micC
yeiE	narU
yeiE	narV
yeiE	narW
yeiE	nemA
yeiE	nemR
yeiE	nepI
yeiE	nhaA
yeiE	nhaR
yeiE	nikA
yeiE	nikB
yeiE	nikC
yeiE	nikD
yeiE	nikE
yeiE	nikR
yeiE	nimR
yeiE	nrdA
yeiE	nrdB
yeiE	nrdR
yeiE	nusB
yeiE	osmE
yeiE	pabA
yeiE	pck
yeiE	pepT
yeiE	pflB
yeiE	pgpA
yeiE	pheU
yeiE	phoA
yeiE	proS
yeiE	psiF
yeiE	putA
yeiE	rcnA
yeiE	rcnB
yeiE	recA
yeiE	recX
yeiE	relB
yeiE	relE
yeiE	ribD
yeiE	ribE
yeiE	rimO
yeiE	rplQ
yeiE	rpoA
yeiE	rpoD
yeiE	rpsD
yeiE	rpsK
yeiE	rpsM
yeiE	rrfA
yeiE	rrlA
yeiE	rrsA
yeiE	rutA
yeiE	rutB
yeiE	rutC
yeiE	rutD
yeiE	rutE
yeiE	rutF
yeiE	rutG
yeiE	rybB
yeiE	ryhB
yeiE	ryjB
yeiE	sdiA
yeiE	serC
yeiE	sseA
yeiE	sufA
yeiE	sufB
yeiE	sufC
yeiE	sufD
yeiE	sufE
yeiE	sufS
yeiE	tehA
yeiE	tehB
yeiE	tgt
yeiE	thiL
yeiE	tpiA
yeiE	ubiA
yeiE	ubiC
yeiE	uhpB
yeiE	uspB
yeiE	xthA
yeiE	yajC
yeiE	ybjG
yeiE	yeaL
yeiE	yegR
yeiE	yegW
yeiE	yegZ
yeiE	yfaE
yeiE	yggE
yeiE	yhfG
yeiE	yidQ
yeiE	yjbE
yeiE	yjbF
yeiE	yjbG
yeiE	yjbH
yeiE	yobF
yfaX	cspA
yfaX	cspE
yfaX	csrB
yfaX	fhuF
yfaX	glmY
yfaX	glyV
yfaX	glyX
yfaX	glyY
yfaX	gnsA
yfaX	infB
yfaX	metY
yfaX	nusA
yfaX	pnp
yfaX	priB
yfaX	rbfA
yfaX	rimP
yfaX	rplI
yfaX	rpsF
yfaX	rpsO
yfaX	rpsR
yfaX	spf
yfaX	truB
yfeC	allA
yfeC	chaC
yfeC	dgcC
yfeC	obgE
yfeC	rplU
yfeC	rpmA
yfeC	tsx
yfeC	uspB
yfeC	yahE
yfeC	ychO
yfeC	yhbE
yfeR	crr
yfeR	glmS
yfeR	glmU
yfeR	ptsH
yfeR	ptsI
yfeR	xapA
yfeR	xapB
yfeR	yfeC
yfeR	yfeD
yfeT	murP
yfeT	murQ
yfeT	yffO
yfeT	yffP
yfeT	yfhL
yfhA	glmY
yfhH	yffO
yfhH	yffP
yfhH	yfhL
yfiE	ung
ygaV	galP
ygbI	cobS
ygbI	cobT
ygbI	cobU
ygbI	ygbK
ygiT	adhE
ygiT	crr
ygiT	dnaJ
ygiT	dnaK
ygiT	endA
ygiT	fadD
ygiT	manX
ygiT	manY
ygiT	manZ
ygiT	metG
ygiT	mlc
ygiT	pepT
ygiT	ptsH
ygiT	ptsI
ygiT	qseB
ygiT	qseC
ygiT	sroD
ygiT	talB
ygiT	tpke11
ygiT	yceI
ygiT	yceJ
ygiT	yfeC
ygiT	yfeD
yhaJ	arsB
yhaJ	arsC
yhaJ	arsR
yhaJ	gntR
yheO	ackA
yheO	ldhA
yheO	tehA
yheO	tehB
yhfR	acrD
yhfR	amiA
yhfR	araA
yhfR	araB
yhfR	araD
yhfR	araE
yhfR	ariR
yhfR	baeR
yhfR	baeS
yhfR	borD
yhfR	crr
yhfR	cyoA
yhfR	cyoB
yhfR	cyoC
yhfR	cyoD
yhfR	cyoE
yhfR	cysH
yhfR	cysI
yhfR	cysJ
yhfR	cysS
yhfR	dadA
yhfR	dadX
yhfR	dapE
yhfR	dctR
yhfR	def
yhfR	dmsD
yhfR	elaB
yhfR	fecI
yhfR	fecR
yhfR	fhuF
yhfR	fimB
yhfR	fliF
yhfR	fliG
yhfR	fliH
yhfR	fliI
yhfR	fliJ
yhfR	fliK
yhfR	flk
yhfR	fmt
yhfR	focB
yhfR	frc
yhfR	fusA
yhfR	gadW
yhfR	galP
yhfR	galS
yhfR	glnS
yhfR	glyQ
yhfR	glyS
yhfR	glyU
yhfR	hcp
yhfR	hcr
yhfR	hemF
yhfR	hemL
yhfR	hemN
yhfR	hybA
yhfR	hybB
yhfR	hybC
yhfR	hybD
yhfR	hybE
yhfR	hybF
yhfR	hybG
yhfR	hybO
yhfR	hyfA
yhfR	hyfB
yhfR	hyfC
yhfR	hyfD
yhfR	hyfE
yhfR	hyfF
yhfR	hyfG
yhfR	hyfH
yhfR	hyfI
yhfR	hyfJ
yhfR	hyfR
yhfR	iraM
yhfR	lamB
yhfR	leuA
yhfR	leuB
yhfR	leuC
yhfR	leuD
yhfR	leuL
yhfR	lpxL
yhfR	lpxT
yhfR	malK
yhfR	malM
yhfR	malY
yhfR	mdtA
yhfR	mdtB
yhfR	mdtC
yhfR	mdtD
yhfR	narP
yhfR	nrdA
yhfR	nrdB
yhfR	oxc
yhfR	pdeF
yhfR	pfkB
yhfR	pheU
yhfR	ptsH
yhfR	ptsI
yhfR	purA
yhfR	rep
yhfR	rnlA
yhfR	rnlB
yhfR	rpoE
yhfR	rpsG
yhfR	rpsL
yhfR	rseA
yhfR	rseB
yhfR	rseC
yhfR	rseD
yhfR	slp
yhfR	spy
yhfR	tdcA
yhfR	tdcB
yhfR	tdcC
yhfR	tdcD
yhfR	tdcE
yhfR	tdcF
yhfR	tdcG
yhfR	tufA
yhfR	ubiA
yhfR	ubiC
yhfR	xapR
yhfR	ycgZ
yhfR	ydbD
yhfR	ydeA
yhfR	yegH
yhfR	yfaE
yhfR	yfdE
yhfR	yfdV
yhfR	yfdX
yhfR	yfeC
yhfR	yfeD
yhfR	yffB
yhfR	ygbK
yhfR	ygeA
yhfR	yhjR
yhfR	ymgA
yhfR	ymgC
yhfR	ynfE
yhfR	ynfF
yhfR	ynfG
yhfR	ynfH
yhfR	ynjH
yhfR	ypfN
yhfR	zinT
yhfR	znuA
yhfR	zupT
yiaJ	asnU
yiaJ	galR
yiaJ	glpA
yiaJ	glpB
yiaJ	glpC
yiaJ	glpQ
yiaJ	glpT
yiaJ	manX
yiaJ	manY
yiaJ	manZ
yiaJ	metG
yiaJ	mlc
yiaJ	ompA
yiaJ	tdcA
yiaJ	tdcB
yiaJ	tdcC
yiaJ	tdcD
yiaJ	tdcE
yiaJ	tdcF
yiaJ	tdcG
yiaJ	umpH
yiaJ	yfeC
yiaJ	yfeD
yiaJ	yiaJ
yiaJ	ynfK
yidZ	efp
yidZ	lacA
yidZ	lacY
yidZ	lacZ
yidZ	ydhQ
yidZ	yghU
yieP	adiY
yieP	araF
yieP	araG
yieP	araH
yieP	cdd
yieP	rclA
yieP	rclB
yieP	rclC
yieP	rydC
yihW	ssuA
yihW	ssuB
yihW	ssuC
yihW	ssuD
yihW	ssuE
yihW	yihS
yihW	yihT
yihW	yihU
yijO	epd
yijO	fbaA
yijO	lacA
yijO	lacY
yijO	lacZ
yijO	pdeL
yijO	pgk
yjgJ	pyrB
yjgJ	pyrI
yjgJ	pyrL
ykgD	rclA
ykgD	rclB
ykgD	rclC
yncC	acnA
yncC	acrE
yncC	acrF
yncC	agrB
yncC	appY
yncC	arcZ
yncC	argF
yncC	aroD
yncC	aspS
yncC	bcsB
yncC	bcsZ
yncC	bglX
yncC	chpB
yncC	chpS
yncC	cobS
yncC	cobT
yncC	cobU
yncC	cspC
yncC	ddpA
yncC	ddpB
yncC	ddpC
yncC	ddpD
yncC	ddpF
yncC	ddpX
yncC	dedA
yncC	dmsA
yncC	dmsB
yncC	dmsC
yncC	dmsD
yncC	dnaJ
yncC	dnaK
yncC	entF
yncC	envZ
yncC	fadE
yncC	feaB
yncC	feoA
yncC	feoB
yncC	feoC
yncC	fepE
yncC	fes
yncC	fhuE
yncC	fiu
yncC	ftsH
yncC	galU
yncC	glgS
yncC	gyrA
yncC	hslO
yncC	hslR
yncC	ileX
yncC	lptD
yncC	lrhA
yncC	lyxK
yncC	nfeF
yncC	nfo
yncC	nrdA
yncC	nrdB
yncC	ompR
yncC	patD
yncC	pdxA
yncC	pdxB
yncC	pepA
yncC	preA
yncC	preT
yncC	pspG
yncC	relA
yncC	rfaD
yncC	rlmE
yncC	rseX
yncC	selA
yncC	selB
yncC	sgbE
yncC	sgbH
yncC	sgbU
yncC	surA
yncC	tatA
yncC	tatB
yncC	tatC
yncC	tatD
yncC	tehA
yncC	tehB
yncC	tpke11
yncC	treB
yncC	treC
yncC	trmA
yncC	truA
yncC	trxA
yncC	ung
yncC	usg
yncC	valV
yncC	valW
yncC	waaC
yncC	waaF
yncC	waaL
yncC	ybdZ
yncC	ydcS
yncC	ydcT
yncC	ydcU
yncC	ydcV
yncC	ydeQ
yncC	ydhI
yncC	ydhJ
yncC	ydhK
yncC	yejG
yncC	yfaE
yncC	yghF
yncC	yghU
yncC	yhjX
yncC	yiaG
yncC	yiaK
yncC	yiaL
yncC	yiaM
yncC	yiaN
yncC	yiaO
yncC	ykgR
yncC	ymiC
yncC	ynfE
yncC	ynfF
yncC	ynfG
yncC	ynfH
yncC	yobF
yneJ	cspA
yneJ	galP
yneJ	glmS
yneJ	glmU
yneJ	glrK
yneJ	ryhB
yoeB	hisA
yoeB	hisB
yoeB	hisC
yoeB	hisD
yoeB	hisF
yoeB	hisG
yoeB	hisH
yoeB	hisI
yoeB	hisL
yphH	cspA
yphH	deaD
yphH	fhuF
yphH	galP
yphH	glmY
yphH	glpF
yphH	glpK
yphH	glpX
yphH	gltW
yphH	gnsA
yphH	hcaB
yphH	hcaC
yphH	hcaD
yphH	hcaE
yphH	hcaF
yphH	helD
yphH	hemW
yphH	mntH
yphH	nhaA
yphH	nhaR
yphH	nusG
yphH	pheA
yphH	pheL
yphH	rdgB
yphH	rpoB
yphH	rpoC
yphH	rrfG
yphH	rrlG
yphH	rrsG
yphH	ryhB
yphH	secE
yphH	tatA
yphH	tatB
yphH	tatC
yphH	tatD
yphH	tesB
yphH	yjhC
yphH	ynaI
yphH	yrbN
yqjI	nfeR
zntR	acrA
zntR	acrB
zntR	cspA
zntR	csrB
zntR	dhaK
zntR	dhaL
zntR	dhaM
zntR	dhaR
zntR	glpF
zntR	glpK
zntR	glpX
zntR	livJ
zntR	ssrA
zntR	yfeC
zntR	yfeD
zntR	yffO
zntR	yffP
zntR	zntA
zur	ykgR
zur	zinT
zur	znuA
